label,class_name,session_id,frame,start_ms,end_ms,span_ms,hop_ms,peak_bin,peak_hz,peak_mg,rms_mg,band_0_5_mg,band_5_15_mg,band_15_30_mg,read_err,push_err,ring_ovf,wake_ovf,source_file
0,diam,1,1,13430,15980,2550,0,112,43.75,1,2,1,1,1,0,0,0,0,diam01.csv
0,diam,1,2,14710,17260,2550,1280,111,43.359,1,2,0,1,1,0,0,0,0,diam01.csv
0,diam,1,3,15990,18540,2550,1280,27,10.547,1,2,1,1,1,0,0,0,0,diam01.csv
0,diam,1,4,17270,19820,2550,1280,17,6.641,1,2,0,1,1,0,0,0,0,diam01.csv
0,diam,1,5,18550,21100,2550,1280,30,11.719,1,2,1,1,1,0,0,0,0,diam01.csv
0,diam,1,6,19830,22380,2550,1280,30,11.719,1,2,1,1,1,0,0,0,0,diam01.csv
0,diam,1,7,21110,23660,2550,1280,55,21.484,1,2,1,1,1,0,0,0,0,diam01.csv
0,diam,1,8,22390,24940,2550,1280,3,1.172,1,2,1,1,1,0,0,0,0,diam01.csv
0,diam,1,9,23670,26220,2550,1280,100,39.063,1,2,0,1,1,0,0,0,0,diam01.csv
0,diam,1,10,24950,27500,2550,1280,63,24.609,1,2,1,1,1,0,0,0,0,diam01.csv
0,diam,1,11,26230,28780,2550,1280,16,6.25,1,2,1,1,1,0,0,0,0,diam01.csv
0,diam,1,12,27510,30060,2550,1280,44,17.188,1,2,1,1,1,0,0,0,0,diam01.csv
0,diam,1,13,28790,31340,2550,1280,98,38.281,1,2,1,1,1,0,0,0,0,diam01.csv
0,diam,1,14,30070,32620,2550,1280,16,6.25,1,2,1,1,1,0,0,0,0,diam01.csv
0,diam,1,15,31350,33900,2550,1280,67,26.172,1,2,1,1,1,0,0,0,0,diam01.csv
0,diam,1,16,32630,35180,2550,1280,73,28.516,1,2,1,1,1,0,0,0,0,diam01.csv
0,diam,1,17,33910,36460,2550,1280,38,14.844,1,2,1,1,1,0,0,0,0,diam01.csv
0,diam,1,18,35190,37740,2550,1280,29,11.328,1,2,1,1,1,0,0,0,0,diam01.csv
0,diam,1,19,36470,39020,2550,1280,47,18.359,1,2,1,1,1,0,0,0,0,diam01.csv
0,diam,1,20,37750,40300,2550,1280,120,46.875,1,2,1,1,1,0,0,0,0,diam01.csv
0,diam,1,21,39030,41580,2550,1280,14,5.469,1,2,1,1,1,0,0,0,0,diam01.csv
0,diam,1,22,40310,42860,2550,1280,20,7.813,1,2,1,1,1,0,0,0,0,diam01.csv
0,diam,1,23,41590,44140,2550,1280,114,44.531,1,2,1,1,1,0,0,0,0,diam01.csv
0,diam,1,24,42870,45420,2550,1280,81,31.641,1,2,1,1,1,0,0,0,0,diam01.csv
0,diam,1,25,44150,46700,2550,1280,23,8.984,1,2,1,1,1,0,0,0,0,diam01.csv
0,diam,1,26,45430,47980,2550,1280,77,30.078,1,2,1,1,1,0,0,0,0,diam01.csv
0,diam,1,27,46710,49260,2550,1280,78,30.469,1,2,0,1,1,0,0,0,0,diam01.csv
0,diam,1,28,47990,50540,2550,1280,80,31.25,1,2,1,1,1,0,0,0,0,diam01.csv
0,diam,1,29,49270,51820,2550,1280,6,2.344,1,2,1,1,1,0,0,0,0,diam01.csv
0,diam,1,30,50550,53100,2550,1280,6,2.344,1,2,1,1,1,0,0,0,0,diam01.csv
0,diam,2,1,13330,15880,2550,0,18,7.031,1,2,1,1,1,0,0,0,0,diam02.csv
0,diam,2,2,14610,17160,2550,1280,88,34.375,1,2,1,1,1,0,0,0,0,diam02.csv
0,diam,2,3,15890,18440,2550,1280,103,40.234,1,2,1,1,1,0,0,0,0,diam02.csv
0,diam,2,4,17170,19720,2550,1280,102,39.844,1,2,1,1,1,0,0,0,0,diam02.csv
0,diam,2,5,18450,21000,2550,1280,66,25.781,1,2,1,1,1,0,0,0,0,diam02.csv
0,diam,2,6,19730,22280,2550,1280,112,43.75,1,2,1,1,1,0,0,0,0,diam02.csv
0,diam,2,7,21010,23560,2550,1280,102,39.844,1,2,1,1,1,0,0,0,0,diam02.csv
0,diam,2,8,22290,24840,2550,1280,20,7.813,1,2,1,1,1,0,0,0,0,diam02.csv
0,diam,2,9,23570,26120,2550,1280,123,48.047,1,2,1,1,1,0,0,0,0,diam02.csv
0,diam,2,10,24850,27400,2550,1280,120,46.875,1,2,1,1,1,0,0,0,0,diam02.csv
0,diam,2,11,26130,28680,2550,1280,57,22.266,1,2,1,1,1,0,0,0,0,diam02.csv
0,diam,2,12,27410,29960,2550,1280,15,5.859,1,2,0,1,1,0,0,0,0,diam02.csv
0,diam,2,13,28690,31240,2550,1280,2,0.781,1,2,1,1,1,0,0,0,0,diam02.csv
0,diam,2,14,29970,32520,2550,1280,46,17.969,1,2,0,1,1,0,0,0,0,diam02.csv
0,diam,2,15,31250,33800,2550,1280,19,7.422,1,2,1,1,1,0,0,0,0,diam02.csv
0,diam,2,16,32530,35080,2550,1280,50,19.531,1,2,1,1,1,0,0,0,0,diam02.csv
0,diam,2,17,33810,36360,2550,1280,105,41.016,1,2,1,1,1,0,0,0,0,diam02.csv
0,diam,2,18,35090,37640,2550,1280,84,32.813,1,2,1,1,1,0,0,0,0,diam02.csv
0,diam,2,19,36370,38920,2550,1280,4,1.563,1,2,1,1,1,0,0,0,0,diam02.csv
0,diam,2,20,37650,40200,2550,1280,46,17.969,1,2,1,1,1,0,0,0,0,diam02.csv
0,diam,2,21,38930,41480,2550,1280,92,35.938,1,2,0,1,1,0,0,0,0,diam02.csv
0,diam,2,22,40210,42760,2550,1280,48,18.75,1,2,1,1,1,0,0,0,0,diam02.csv
0,diam,2,23,41490,44040,2550,1280,69,26.953,1,2,0,1,1,0,0,0,0,diam02.csv
0,diam,2,24,42770,45320,2550,1280,120,46.875,1,2,1,1,1,0,0,0,0,diam02.csv
0,diam,2,25,44050,46600,2550,1280,99,38.672,1,2,1,1,1,0,0,0,0,diam02.csv
0,diam,2,26,45330,47880,2550,1280,108,42.188,1,2,1,1,1,0,0,0,0,diam02.csv
0,diam,2,27,46610,49160,2550,1280,124,48.438,1,2,1,1,1,0,0,0,0,diam02.csv
0,diam,2,28,47890,50440,2550,1280,75,29.297,1,2,1,1,1,0,0,0,0,diam02.csv
0,diam,2,29,49170,51720,2550,1280,101,39.453,1,2,1,1,1,0,0,0,0,diam02.csv
0,diam,2,30,50450,53000,2550,1280,61,23.828,1,2,1,1,1,0,0,0,0,diam02.csv
0,diam,3,1,13040,15590,2550,0,65,25.391,1,2,1,1,1,0,0,0,0,diam03.csv
0,diam,3,2,14320,16870,2550,1280,10,3.906,1,2,1,1,1,0,0,0,0,diam03.csv
0,diam,3,3,15600,18150,2550,1280,66,25.781,1,2,1,1,1,0,0,0,0,diam03.csv
0,diam,3,4,16880,19430,2550,1280,1,0.391,1,2,1,1,1,0,0,0,0,diam03.csv
0,diam,3,5,18160,20710,2550,1280,8,3.125,1,2,1,1,1,0,0,0,0,diam03.csv
0,diam,3,6,19440,21990,2550,1280,2,0.781,1,2,1,1,1,0,0,0,0,diam03.csv
0,diam,3,7,20720,23270,2550,1280,6,2.344,1,2,1,1,1,0,0,0,0,diam03.csv
0,diam,3,8,22000,24550,2550,1280,37,14.453,1,2,1,1,1,0,0,0,0,diam03.csv
0,diam,3,9,23280,25830,2550,1280,82,32.031,1,2,1,1,1,0,0,0,0,diam03.csv
0,diam,3,10,24560,27110,2550,1280,1,0.391,1,2,1,1,1,0,0,0,0,diam03.csv
0,diam,3,11,25840,28390,2550,1280,41,16.016,1,2,1,1,1,0,0,0,0,diam03.csv
0,diam,3,12,27120,29670,2550,1280,59,23.047,1,2,1,1,1,0,0,0,0,diam03.csv
0,diam,3,13,28400,30950,2550,1280,27,10.547,1,2,0,1,1,0,0,0,0,diam03.csv
0,diam,3,14,29680,32230,2550,1280,74,28.906,1,2,1,1,1,0,0,0,0,diam03.csv
0,diam,3,15,30960,33510,2550,1280,14,5.469,1,2,1,1,1,0,0,0,0,diam03.csv
0,diam,3,16,32240,34790,2550,1280,53,20.703,1,2,1,1,1,0,0,0,0,diam03.csv
0,diam,3,17,33520,36070,2550,1280,3,1.172,1,2,1,1,1,0,0,0,0,diam03.csv
0,diam,3,18,34800,37350,2550,1280,92,35.938,1,2,1,1,1,0,0,0,0,diam03.csv
0,diam,3,19,36080,38630,2550,1280,11,4.297,1,2,1,1,1,0,0,0,0,diam03.csv
0,diam,3,20,37360,39910,2550,1280,15,5.859,1,2,1,1,1,0,0,0,0,diam03.csv
0,diam,3,21,38640,41190,2550,1280,57,22.266,1,2,1,1,1,0,0,0,0,diam03.csv
0,diam,3,22,39920,42470,2550,1280,1,0.391,1,2,1,1,1,0,0,0,0,diam03.csv
0,diam,3,23,41200,43750,2550,1280,75,29.297,1,2,1,1,1,0,0,0,0,diam03.csv
0,diam,3,24,42480,45030,2550,1280,119,46.484,1,2,1,1,1,0,0,0,0,diam03.csv
0,diam,3,25,43760,46310,2550,1280,95,37.109,1,2,1,1,1,0,0,0,0,diam03.csv
0,diam,3,26,45040,47590,2550,1280,65,25.391,1,2,1,1,1,0,0,0,0,diam03.csv
0,diam,3,27,46320,48870,2550,1280,103,40.234,1,2,1,1,1,0,0,0,0,diam03.csv
0,diam,3,28,47600,50150,2550,1280,32,12.5,1,2,1,1,1,0,0,0,0,diam03.csv
0,diam,3,29,48880,51430,2550,1280,2,0.781,1,2,1,1,1,0,0,0,0,diam03.csv
0,diam,3,30,50160,52710,2550,1280,93,36.328,1,2,1,1,1,0,0,0,0,diam03.csv
0,diam,4,1,15500,18050,2550,0,98,38.281,1,2,1,1,1,0,0,0,0,diam04.csv
0,diam,4,2,16780,19330,2550,1280,8,3.125,1,2,1,1,1,0,0,0,0,diam04.csv
0,diam,4,3,18060,20610,2550,1280,31,12.109,1,2,1,1,1,0,0,0,0,diam04.csv
0,diam,4,4,19340,21890,2550,1280,14,5.469,1,2,1,1,1,0,0,0,0,diam04.csv
0,diam,4,5,20620,23170,2550,1280,7,2.734,1,2,1,1,1,0,0,0,0,diam04.csv
0,diam,4,6,21900,24450,2550,1280,63,24.609,1,2,1,1,1,0,0,0,0,diam04.csv
0,diam,4,7,23180,25730,2550,1280,29,11.328,1,2,0,1,1,0,0,0,0,diam04.csv
0,diam,4,8,24460,27010,2550,1280,6,2.344,1,2,1,1,1,0,0,0,0,diam04.csv
0,diam,4,9,25740,28290,2550,1280,5,1.953,1,2,1,1,1,0,0,0,0,diam04.csv
0,diam,4,10,27020,29570,2550,1280,124,48.438,1,2,1,1,1,0,0,0,0,diam04.csv
0,diam,4,11,28300,30850,2550,1280,54,21.094,1,2,1,1,1,0,0,0,0,diam04.csv
0,diam,4,12,29580,32130,2550,1280,85,33.203,1,2,0,1,1,0,0,0,0,diam04.csv
0,diam,4,13,30860,33410,2550,1280,17,6.641,1,2,1,1,1,0,0,0,0,diam04.csv
0,diam,4,14,32140,34690,2550,1280,46,17.969,1,2,0,1,1,0,0,0,0,diam04.csv
0,diam,4,15,33420,35970,2550,1280,28,10.938,1,2,1,1,1,0,0,0,0,diam04.csv
0,diam,4,16,34700,37250,2550,1280,99,38.672,1,2,0,1,1,0,0,0,0,diam04.csv
0,diam,4,17,35980,38530,2550,1280,57,22.266,1,2,1,1,1,0,0,0,0,diam04.csv
0,diam,4,18,37260,39810,2550,1280,42,16.406,1,2,1,1,1,0,0,0,0,diam04.csv
0,diam,4,19,38540,41090,2550,1280,34,13.281,1,2,1,1,1,0,0,0,0,diam04.csv
0,diam,4,20,39820,42370,2550,1280,94,36.719,1,2,0,1,1,0,0,0,0,diam04.csv
0,diam,4,21,41100,43650,2550,1280,52,20.313,1,2,1,1,1,0,0,0,0,diam04.csv
0,diam,4,22,42380,44930,2550,1280,74,28.906,1,2,1,1,1,0,0,0,0,diam04.csv
0,diam,4,23,43660,46210,2550,1280,9,3.516,1,2,1,1,1,0,0,0,0,diam04.csv
0,diam,4,24,44940,47490,2550,1280,43,16.797,1,2,1,1,1,0,0,0,0,diam04.csv
0,diam,4,25,46220,48770,2550,1280,7,2.734,1,2,1,1,1,0,0,0,0,diam04.csv
0,diam,4,26,47500,50050,2550,1280,63,24.609,1,2,1,1,1,0,0,0,0,diam04.csv
0,diam,4,27,48780,51330,2550,1280,63,24.609,1,2,1,1,1,0,0,0,0,diam04.csv
0,diam,4,28,50060,52610,2550,1280,7,2.734,1,2,1,1,1,0,0,0,0,diam04.csv
0,diam,4,29,51340,53890,2550,1280,56,21.875,1,2,1,1,1,0,0,0,0,diam04.csv
0,diam,4,30,52620,55170,2550,1280,28,10.938,1,2,1,1,1,0,0,0,0,diam04.csv
0,diam,5,1,12500,15050,2550,0,13,5.078,1,2,1,1,1,0,0,0,0,diam05.csv
0,diam,5,2,13780,16330,2550,1280,13,5.078,1,2,1,1,1,0,0,0,0,diam05.csv
0,diam,5,3,15060,17610,2550,1280,30,11.719,1,2,1,1,1,0,0,0,0,diam05.csv
0,diam,5,4,16340,18890,2550,1280,29,11.328,1,2,0,1,1,0,0,0,0,diam05.csv
0,diam,5,5,17620,20170,2550,1280,18,7.031,1,2,1,1,1,0,0,0,0,diam05.csv
0,diam,5,6,18900,21450,2550,1280,1,0.391,1,2,1,1,1,0,0,0,0,diam05.csv
0,diam,5,7,20180,22730,2550,1280,107,41.797,1,2,1,1,1,0,0,0,0,diam05.csv
0,diam,5,8,21460,24010,2550,1280,29,11.328,1,2,1,1,1,0,0,0,0,diam05.csv
0,diam,5,9,22740,25290,2550,1280,99,38.672,1,2,1,1,1,0,0,0,0,diam05.csv
0,diam,5,10,24020,26570,2550,1280,40,15.625,1,2,1,1,1,0,0,0,0,diam05.csv
0,diam,5,11,25300,27850,2550,1280,112,43.75,1,2,1,1,1,0,0,0,0,diam05.csv
0,diam,5,12,26580,29130,2550,1280,116,45.313,1,2,0,1,1,0,0,0,0,diam05.csv
0,diam,5,13,27860,30410,2550,1280,60,23.438,1,2,1,1,1,0,0,0,0,diam05.csv
0,diam,5,14,29140,31690,2550,1280,34,13.281,1,2,1,1,1,0,0,0,0,diam05.csv
0,diam,5,15,30420,32970,2550,1280,67,26.172,1,2,0,1,1,0,0,0,0,diam05.csv
0,diam,5,16,31700,34250,2550,1280,38,14.844,1,2,1,1,1,0,0,0,0,diam05.csv
0,diam,5,17,32980,35530,2550,1280,37,14.453,1,2,1,1,1,0,0,0,0,diam05.csv
0,diam,5,18,34260,36810,2550,1280,11,4.297,1,2,1,1,1,0,0,0,0,diam05.csv
0,diam,5,19,35540,38090,2550,1280,110,42.969,1,2,1,1,1,0,0,0,0,diam05.csv
0,diam,5,20,36820,39370,2550,1280,61,23.828,1,2,1,1,1,0,0,0,0,diam05.csv
0,diam,5,21,38100,40650,2550,1280,75,29.297,1,2,1,1,1,0,0,0,0,diam05.csv
0,diam,5,22,39380,41930,2550,1280,25,9.766,1,2,0,1,1,0,0,0,0,diam05.csv
0,diam,5,23,40660,43210,2550,1280,25,9.766,1,2,0,1,1,0,0,0,0,diam05.csv
0,diam,5,24,41940,44490,2550,1280,15,5.859,1,2,1,1,1,0,0,0,0,diam05.csv
0,diam,5,25,43220,45770,2550,1280,16,6.25,1,2,1,1,1,0,0,0,0,diam05.csv
0,diam,5,26,44500,47050,2550,1280,118,46.094,1,2,1,1,1,0,0,0,0,diam05.csv
0,diam,5,27,45780,48330,2550,1280,22,8.594,1,2,1,1,1,0,0,0,0,diam05.csv
0,diam,5,28,47060,49610,2550,1280,17,6.641,1,2,1,1,1,0,0,0,0,diam05.csv
0,diam,5,29,48340,50890,2550,1280,45,17.578,1,2,1,1,1,0,0,0,0,diam05.csv
0,diam,5,30,49620,52170,2550,1280,11,4.297,1,2,1,1,1,0,0,0,0,diam05.csv
0,diam,6,1,13420,15970,2550,0,104,40.625,1,2,1,1,1,0,0,0,0,diam06.csv
0,diam,6,2,14700,17250,2550,1280,4,1.563,1,2,1,1,1,0,0,0,0,diam06.csv
0,diam,6,3,15980,18530,2550,1280,69,26.953,1,2,1,1,1,0,0,0,0,diam06.csv
0,diam,6,4,17260,19810,2550,1280,68,26.563,1,2,1,1,1,0,0,0,0,diam06.csv
0,diam,6,5,18540,21090,2550,1280,33,12.891,1,2,1,1,1,0,0,0,0,diam06.csv
0,diam,6,6,19820,22370,2550,1280,86,33.594,1,2,1,1,1,0,0,0,0,diam06.csv
0,diam,6,7,21100,23650,2550,1280,52,20.313,1,2,1,1,1,0,0,0,0,diam06.csv
0,diam,6,8,22380,24930,2550,1280,4,1.563,1,2,1,1,1,0,0,0,0,diam06.csv
0,diam,6,9,23660,26210,2550,1280,45,17.578,1,2,1,1,1,0,0,0,0,diam06.csv
0,diam,6,10,24940,27490,2550,1280,11,4.297,1,2,1,1,1,0,0,0,0,diam06.csv
0,diam,6,11,26220,28770,2550,1280,120,46.875,1,2,1,1,1,0,0,0,0,diam06.csv
0,diam,6,12,27500,30050,2550,1280,102,39.844,1,2,1,1,1,0,0,0,0,diam06.csv
0,diam,6,13,28780,31330,2550,1280,47,18.359,1,2,1,1,1,0,0,0,0,diam06.csv
0,diam,6,14,30060,32610,2550,1280,124,48.438,1,2,1,1,1,0,0,0,0,diam06.csv
0,diam,6,15,31340,33890,2550,1280,32,12.5,1,2,1,1,1,0,0,0,0,diam06.csv
0,diam,6,16,32620,35170,2550,1280,82,32.031,1,2,1,1,1,0,0,0,0,diam06.csv
0,diam,6,17,33900,36450,2550,1280,101,39.453,1,2,1,1,1,0,0,0,0,diam06.csv
0,diam,6,18,35180,37730,2550,1280,62,24.219,1,2,0,1,1,0,0,0,0,diam06.csv
0,diam,6,19,36460,39010,2550,1280,16,6.25,1,2,1,1,1,0,0,0,0,diam06.csv
0,diam,6,20,37740,40290,2550,1280,10,3.906,1,2,1,1,1,0,0,0,0,diam06.csv
0,diam,6,21,39020,41570,2550,1280,12,4.688,1,2,1,1,1,0,0,0,0,diam06.csv
0,diam,6,22,40300,42850,2550,1280,69,26.953,1,2,1,1,1,0,0,0,0,diam06.csv
0,diam,6,23,41580,44130,2550,1280,57,22.266,1,2,1,1,1,0,0,0,0,diam06.csv
0,diam,6,24,42860,45410,2550,1280,31,12.109,1,2,1,1,1,0,0,0,0,diam06.csv
0,diam,6,25,44140,46690,2550,1280,13,5.078,1,2,1,1,1,0,0,0,0,diam06.csv
0,diam,6,26,45420,47970,2550,1280,18,7.031,1,2,1,1,1,0,0,0,0,diam06.csv
0,diam,6,27,46700,49250,2550,1280,110,42.969,1,2,1,1,1,0,0,0,0,diam06.csv
0,diam,6,28,47980,50530,2550,1280,73,28.516,1,2,0,1,1,0,0,0,0,diam06.csv
0,diam,6,29,49260,51810,2550,1280,38,14.844,1,2,1,1,1,0,0,0,0,diam06.csv
0,diam,6,30,50540,53090,2550,1280,106,41.406,1,2,1,1,1,0,0,0,0,diam06.csv
0,diam,7,1,13080,15630,2550,0,54,21.094,1,2,1,1,1,0,0,0,0,diam07.csv
0,diam,7,2,14360,16910,2550,1280,113,44.141,1,2,1,1,1,0,0,0,0,diam07.csv
0,diam,7,3,15640,18190,2550,1280,40,15.625,1,2,1,1,1,0,0,0,0,diam07.csv
0,diam,7,4,16920,19470,2550,1280,56,21.875,1,2,1,1,1,0,0,0,0,diam07.csv
0,diam,7,5,18200,20750,2550,1280,104,40.625,1,2,1,1,1,0,0,0,0,diam07.csv
0,diam,7,6,19480,22030,2550,1280,52,20.313,1,2,1,1,1,0,0,0,0,diam07.csv
0,diam,7,7,20760,23310,2550,1280,18,7.031,1,2,1,1,1,0,0,0,0,diam07.csv
0,diam,7,8,22040,24590,2550,1280,26,10.156,1,2,1,1,1,0,0,0,0,diam07.csv
0,diam,7,9,23320,25870,2550,1280,2,0.781,1,2,1,1,1,0,0,0,0,diam07.csv
0,diam,7,10,24600,27150,2550,1280,26,10.156,1,2,1,1,1,0,0,0,0,diam07.csv
0,diam,7,11,25880,28430,2550,1280,3,1.172,1,2,1,1,1,0,0,0,0,diam07.csv
0,diam,7,12,27160,29710,2550,1280,33,12.891,1,2,1,1,1,0,0,0,0,diam07.csv
0,diam,7,13,28440,30990,2550,1280,104,40.625,1,2,0,1,1,0,0,0,0,diam07.csv
0,diam,7,14,29720,32270,2550,1280,64,25.0,1,2,1,1,1,0,0,0,0,diam07.csv
0,diam,7,15,31000,33550,2550,1280,3,1.172,1,2,1,1,1,0,0,0,0,diam07.csv
0,diam,7,16,32280,34830,2550,1280,54,21.094,1,2,1,1,1,0,0,0,0,diam07.csv
0,diam,7,17,33560,36110,2550,1280,15,5.859,1,2,1,1,1,0,0,0,0,diam07.csv
0,diam,7,18,34840,37390,2550,1280,35,13.672,1,2,1,1,1,0,0,0,0,diam07.csv
0,diam,7,19,36120,38670,2550,1280,84,32.813,1,2,1,1,1,0,0,0,0,diam07.csv
0,diam,7,20,37400,39950,2550,1280,70,27.344,1,2,1,1,1,0,0,0,0,diam07.csv
0,diam,7,21,38680,41230,2550,1280,64,25.0,1,2,1,1,1,0,0,0,0,diam07.csv
0,diam,7,22,39960,42510,2550,1280,23,8.984,1,2,1,1,1,0,0,0,0,diam07.csv
0,diam,7,23,41240,43790,2550,1280,2,0.781,1,2,1,1,1,0,0,0,0,diam07.csv
0,diam,7,24,42520,45070,2550,1280,50,19.531,1,2,1,1,1,0,0,0,0,diam07.csv
0,diam,7,25,43800,46350,2550,1280,23,8.984,1,2,1,1,1,0,0,0,0,diam07.csv
0,diam,7,26,45080,47630,2550,1280,63,24.609,1,2,1,1,1,0,0,0,0,diam07.csv
0,diam,7,27,46360,48910,2550,1280,53,20.703,1,2,0,1,1,0,0,0,0,diam07.csv
0,diam,7,28,47640,50190,2550,1280,8,3.125,1,2,1,1,1,0,0,0,0,diam07.csv
0,diam,7,29,48920,51470,2550,1280,72,28.125,1,2,1,1,1,0,0,0,0,diam07.csv
0,diam,7,30,50200,52750,2550,1280,79,30.859,1,2,1,1,1,0,0,0,0,diam07.csv
0,diam,8,1,13220,15770,2550,0,2,0.781,1,2,1,1,1,0,0,0,0,diam08.csv
0,diam,8,2,14500,17050,2550,1280,84,32.813,1,2,1,1,1,0,0,0,0,diam08.csv
0,diam,8,3,15780,18330,2550,1280,116,45.313,1,2,1,1,1,0,0,0,0,diam08.csv
0,diam,8,4,17060,19610,2550,1280,12,4.688,1,2,1,1,1,0,0,0,0,diam08.csv
0,diam,8,5,18340,20890,2550,1280,57,22.266,1,2,1,1,1,0,0,0,0,diam08.csv
0,diam,8,6,19620,22170,2550,1280,44,17.188,1,2,1,1,1,0,0,0,0,diam08.csv
0,diam,8,7,20900,23450,2550,1280,109,42.578,1,2,1,1,1,0,0,0,0,diam08.csv
0,diam,8,8,22180,24730,2550,1280,22,8.594,1,2,1,1,1,0,0,0,0,diam08.csv
0,diam,8,9,23460,26010,2550,1280,10,3.906,1,2,1,1,1,0,0,0,0,diam08.csv
0,diam,8,10,24740,27290,2550,1280,121,47.266,1,2,1,1,1,0,0,0,0,diam08.csv
0,diam,8,11,26020,28570,2550,1280,106,41.406,1,2,1,1,1,0,0,0,0,diam08.csv
0,diam,8,12,27300,29850,2550,1280,68,26.563,1,2,0,1,1,0,0,0,0,diam08.csv
0,diam,8,13,28580,31130,2550,1280,2,0.781,1,2,1,1,1,0,0,0,0,diam08.csv
0,diam,8,14,29860,32410,2550,1280,64,25.0,1,2,1,1,1,0,0,0,0,diam08.csv
0,diam,8,15,31140,33690,2550,1280,2,0.781,1,2,1,1,1,0,0,0,0,diam08.csv
0,diam,8,16,32420,34970,2550,1280,96,37.5,1,2,1,1,1,0,0,0,0,diam08.csv
0,diam,8,17,33700,36250,2550,1280,49,19.141,1,2,0,1,1,0,0,0,0,diam08.csv
0,diam,8,18,34980,37530,2550,1280,79,30.859,1,2,1,1,1,0,0,0,0,diam08.csv
0,diam,8,19,36260,38810,2550,1280,59,23.047,1,2,1,1,1,0,0,0,0,diam08.csv
0,diam,8,20,37540,40090,2550,1280,102,39.844,1,2,1,1,1,0,0,0,0,diam08.csv
0,diam,8,21,38820,41370,2550,1280,32,12.5,1,2,1,1,1,0,0,0,0,diam08.csv
0,diam,8,22,40100,42650,2550,1280,15,5.859,1,2,0,1,1,0,0,0,0,diam08.csv
0,diam,8,23,41380,43930,2550,1280,33,12.891,1,2,0,1,1,0,0,0,0,diam08.csv
0,diam,8,24,42660,45210,2550,1280,42,16.406,1,2,1,1,1,0,0,0,0,diam08.csv
0,diam,8,25,43940,46490,2550,1280,87,33.984,1,2,1,1,1,0,0,0,0,diam08.csv
0,diam,8,26,45220,47770,2550,1280,29,11.328,1,2,1,1,1,0,0,0,0,diam08.csv
0,diam,8,27,46500,49050,2550,1280,16,6.25,1,2,1,1,1,0,0,0,0,diam08.csv
0,diam,8,28,47780,50330,2550,1280,22,8.594,1,2,1,1,1,0,0,0,0,diam08.csv
0,diam,8,29,49060,51610,2550,1280,91,35.547,1,2,1,1,1,0,0,0,0,diam08.csv
0,diam,8,30,50340,52890,2550,1280,29,11.328,1,2,1,1,1,0,0,0,0,diam08.csv
0,diam,9,1,13110,15660,2550,0,23,8.984,1,2,1,1,1,0,0,0,0,diam09.csv
0,diam,9,2,14390,16940,2550,1280,64,25.0,1,2,1,1,1,0,0,0,0,diam09.csv
0,diam,9,3,15670,18220,2550,1280,32,12.5,1,2,1,1,1,0,0,0,0,diam09.csv
0,diam,9,4,16950,19500,2550,1280,45,17.578,1,2,1,1,1,0,0,0,0,diam09.csv
0,diam,9,5,18230,20780,2550,1280,102,39.844,1,2,1,1,1,0,0,0,0,diam09.csv
0,diam,9,6,19510,22060,2550,1280,29,11.328,1,2,0,1,1,0,0,0,0,diam09.csv
0,diam,9,7,20790,23340,2550,1280,25,9.766,1,2,0,1,1,0,0,0,0,diam09.csv
0,diam,9,8,22070,24620,2550,1280,91,35.547,1,2,1,1,1,0,0,0,0,diam09.csv
0,diam,9,9,23350,25900,2550,1280,105,41.016,1,2,1,1,1,0,0,0,0,diam09.csv
0,diam,9,10,24630,27180,2550,1280,121,47.266,1,2,1,1,1,0,0,0,0,diam09.csv
0,diam,9,11,25910,28460,2550,1280,51,19.922,1,2,1,1,1,0,0,0,0,diam09.csv
0,diam,9,12,27190,29740,2550,1280,33,12.891,1,2,1,1,1,0,0,0,0,diam09.csv
0,diam,9,13,28470,31020,2550,1280,22,8.594,1,2,1,1,1,0,0,0,0,diam09.csv
0,diam,9,14,29750,32300,2550,1280,71,27.734,1,2,0,1,1,0,0,0,0,diam09.csv
0,diam,9,15,31030,33580,2550,1280,5,1.953,1,2,1,1,1,0,0,0,0,diam09.csv
0,diam,9,16,32310,34860,2550,1280,89,34.766,1,2,0,1,1,0,0,0,0,diam09.csv
0,diam,9,17,33590,36140,2550,1280,124,48.438,1,2,1,1,1,0,0,0,0,diam09.csv
0,diam,9,18,34870,37420,2550,1280,39,15.234,1,2,1,1,1,0,0,0,0,diam09.csv
0,diam,9,19,36150,38700,2550,1280,56,21.875,1,2,1,1,1,0,0,0,0,diam09.csv
0,diam,9,20,37430,39980,2550,1280,50,19.531,1,2,1,1,1,0,0,0,0,diam09.csv
0,diam,9,21,38710,41260,2550,1280,12,4.688,1,2,1,1,1,0,0,0,0,diam09.csv
0,diam,9,22,39990,42540,2550,1280,12,4.688,1,2,1,1,1,0,0,0,0,diam09.csv
0,diam,9,23,41270,43820,2550,1280,113,44.141,1,2,1,1,1,0,0,0,0,diam09.csv
0,diam,9,24,42550,45100,2550,1280,47,18.359,1,2,1,1,1,0,0,0,0,diam09.csv
0,diam,9,25,43830,46380,2550,1280,15,5.859,1,2,1,1,1,0,0,0,0,diam09.csv
0,diam,9,26,45110,47660,2550,1280,59,23.047,1,2,1,1,1,0,0,0,0,diam09.csv
0,diam,9,27,46390,48940,2550,1280,82,32.031,1,2,0,1,1,0,0,0,0,diam09.csv
0,diam,9,28,47670,50220,2550,1280,31,12.109,1,2,1,1,1,0,0,0,0,diam09.csv
0,diam,9,29,48950,51500,2550,1280,39,15.234,1,2,1,1,1,0,0,0,0,diam09.csv
0,diam,9,30,50230,52780,2550,1280,33,12.891,1,2,1,1,1,0,0,0,0,diam09.csv
0,diam,10,1,12320,14870,2550,0,1,0.391,1,2,1,1,1,0,0,0,0,diam10.csv
0,diam,10,2,13600,16150,2550,1280,86,33.594,1,2,1,1,1,0,0,0,0,diam10.csv
0,diam,10,3,14880,17430,2550,1280,121,47.266,1,2,1,1,1,0,0,0,0,diam10.csv
0,diam,10,4,16160,18710,2550,1280,14,5.469,1,2,1,1,1,0,0,0,0,diam10.csv
0,diam,10,5,17440,19990,2550,1280,115,44.922,1,2,1,1,1,0,0,0,0,diam10.csv
0,diam,10,6,18720,21270,2550,1280,25,9.766,1,2,1,1,1,0,0,0,0,diam10.csv
0,diam,10,7,20000,22550,2550,1280,63,24.609,1,2,1,1,1,0,0,0,0,diam10.csv
0,diam,10,8,21280,23830,2550,1280,71,27.734,1,2,1,1,1,0,0,0,0,diam10.csv
0,diam,10,9,22560,25110,2550,1280,92,35.938,1,2,1,1,1,0,0,0,0,diam10.csv
0,diam,10,10,23840,26390,2550,1280,7,2.734,1,2,1,1,1,0,0,0,0,diam10.csv
0,diam,10,11,25120,27670,2550,1280,45,17.578,1,2,1,1,1,0,0,0,0,diam10.csv
0,diam,10,12,26400,28950,2550,1280,118,46.094,1,2,1,1,1,0,0,0,0,diam10.csv
0,diam,10,13,27680,30230,2550,1280,4,1.563,1,2,1,1,1,0,0,0,0,diam10.csv
0,diam,10,14,28960,31510,2550,1280,15,5.859,1,2,1,1,1,0,0,0,0,diam10.csv
0,diam,10,15,30240,32790,2550,1280,96,37.5,1,2,1,1,1,0,0,0,0,diam10.csv
0,diam,10,16,31520,34070,2550,1280,23,8.984,1,2,1,1,1,0,0,0,0,diam10.csv
0,diam,10,17,32800,35350,2550,1280,58,22.656,1,2,1,1,1,0,0,0,0,diam10.csv
0,diam,10,18,34080,36630,2550,1280,85,33.203,1,2,1,1,1,0,0,0,0,diam10.csv
0,diam,10,19,35360,37910,2550,1280,31,12.109,1,2,1,1,1,0,0,0,0,diam10.csv
0,diam,10,20,36640,39190,2550,1280,72,28.125,1,2,1,1,1,0,0,0,0,diam10.csv
0,diam,10,21,37920,40470,2550,1280,17,6.641,1,2,1,1,1,0,0,0,0,diam10.csv
0,diam,10,22,39200,41750,2550,1280,94,36.719,1,2,1,1,1,0,0,0,0,diam10.csv
0,diam,10,23,40480,43030,2550,1280,83,32.422,1,2,0,1,1,0,0,0,0,diam10.csv
0,diam,10,24,41760,44310,2550,1280,21,8.203,1,2,1,1,1,0,0,0,0,diam10.csv
0,diam,10,25,43040,45590,2550,1280,63,24.609,1,2,1,1,1,0,0,0,0,diam10.csv
0,diam,10,26,44320,46870,2550,1280,45,17.578,1,2,0,1,1,0,0,0,0,diam10.csv
0,diam,10,27,45600,48150,2550,1280,117,45.703,1,2,1,1,1,0,0,0,0,diam10.csv
0,diam,10,28,46880,49430,2550,1280,71,27.734,1,2,1,1,1,0,0,0,0,diam10.csv
0,diam,10,29,48160,50710,2550,1280,108,42.188,1,2,1,1,1,0,0,0,0,diam10.csv
0,diam,10,30,49440,51990,2550,1280,98,38.281,1,2,1,1,1,0,0,0,0,diam10.csv
1,low,1,1,27760,30310,2550,0,100,39.063,2,6,1,3,4,0,0,0,0,low01.csv
1,low,1,2,29040,31590,2550,1280,95,37.109,3,8,1,3,4,0,0,0,0,low01.csv
1,low,1,3,30320,32870,2550,1280,86,33.594,3,8,3,3,4,0,0,0,0,low01.csv
1,low,1,4,31600,34150,2550,1280,91,35.547,3,7,1,4,4,0,0,0,0,low01.csv
1,low,1,5,32880,35430,2550,1280,32,12.5,4,8,1,5,3,0,0,0,0,low01.csv
1,low,1,6,34160,36710,2550,1280,33,12.891,3,7,1,3,3,0,0,0,0,low01.csv
1,low,1,7,35440,37990,2550,1280,94,36.719,3,6,1,2,3,0,0,0,0,low01.csv
1,low,1,8,36720,39270,2550,1280,105,41.016,2,6,1,3,3,0,0,0,0,low01.csv
1,low,1,9,38000,40550,2550,1280,93,36.328,3,6,1,3,3,0,0,0,0,low01.csv
1,low,1,10,39280,41830,2550,1280,32,12.5,3,6,1,3,3,0,0,0,0,low01.csv
1,low,1,11,40560,43110,2550,1280,23,8.984,3,6,1,4,3,0,0,0,0,low01.csv
1,low,1,12,41840,44390,2550,1280,33,12.891,4,7,2,4,3,0,0,0,0,low01.csv
1,low,1,13,43120,45670,2550,1280,33,12.891,5,7,1,5,3,0,0,0,0,low01.csv
1,low,1,14,44400,46950,2550,1280,33,12.891,3,6,1,3,2,0,0,0,0,low01.csv
1,low,1,15,45680,48230,2550,1280,33,12.891,2,5,1,3,2,0,0,0,0,low01.csv
1,low,1,16,46960,49510,2550,1280,33,12.891,3,5,1,4,2,0,0,0,0,low01.csv
1,low,1,17,48240,50790,2550,1280,34,13.281,2,6,2,3,3,0,0,0,0,low01.csv
1,low,1,18,49520,52070,2550,1280,34,13.281,2,6,1,3,3,0,0,0,0,low01.csv
1,low,1,19,50800,53350,2550,1280,34,13.281,2,6,1,3,3,0,0,0,0,low01.csv
1,low,1,20,52080,54630,2550,1280,96,37.5,2,5,1,2,2,0,0,0,0,low01.csv
1,low,1,21,53360,55910,2550,1280,32,12.5,2,5,1,2,2,0,0,0,0,low01.csv
1,low,1,22,54640,57190,2550,1280,103,40.234,2,5,1,2,3,0,0,0,0,low01.csv
1,low,1,23,55920,58470,2550,1280,95,37.109,2,6,1,2,2,0,0,0,0,low01.csv
1,low,1,24,57200,59750,2550,1280,32,12.5,2,5,2,2,3,0,0,0,0,low01.csv
1,low,1,25,58480,61030,2550,1280,32,12.5,2,5,1,3,3,0,0,0,0,low01.csv
1,low,1,26,59760,62310,2550,1280,32,12.5,2,5,1,2,2,0,0,0,0,low01.csv
1,low,1,27,61040,63590,2550,1280,90,35.156,2,6,2,3,3,0,0,0,0,low01.csv
1,low,1,28,62320,64870,2550,1280,100,39.063,3,6,1,3,3,0,0,0,0,low01.csv
1,low,1,29,63600,66150,2550,1280,33,12.891,3,5,1,3,3,0,0,0,0,low01.csv
1,low,1,30,64880,67430,2550,1280,96,37.5,2,5,1,2,2,0,0,0,0,low01.csv
1,low,2,1,15450,18000,2550,0,32,12.5,4,7,2,3,3,0,0,0,0,low02.csv
1,low,2,2,16730,19280,2550,1280,33,12.891,4,6,1,4,3,0,0,0,0,low02.csv
1,low,2,3,18010,20560,2550,1280,33,12.891,4,6,1,4,3,0,0,0,0,low02.csv
1,low,2,4,19290,21840,2550,1280,32,12.5,3,6,1,3,3,0,0,0,0,low02.csv
1,low,2,5,20570,23120,2550,1280,34,13.281,3,6,1,3,3,0,0,0,0,low02.csv
1,low,2,6,21850,24400,2550,1280,35,13.672,4,6,1,4,3,0,0,0,0,low02.csv
1,low,2,7,23130,25680,2550,1280,35,13.672,3,6,2,3,3,0,0,0,0,low02.csv
1,low,2,8,24410,26960,2550,1280,33,12.891,3,6,1,4,3,0,0,0,0,low02.csv
1,low,2,9,25690,28240,2550,1280,34,13.281,4,7,1,4,3,0,0,0,0,low02.csv
1,low,2,10,26970,29520,2550,1280,34,13.281,4,7,1,5,3,0,0,0,0,low02.csv
1,low,2,11,28250,30800,2550,1280,34,13.281,3,7,1,5,4,0,0,0,0,low02.csv
1,low,2,12,29530,32080,2550,1280,101,39.453,4,8,1,4,4,0,0,0,0,low02.csv
1,low,2,13,30810,33360,2550,1280,33,12.891,5,7,1,5,3,0,0,0,0,low02.csv
1,low,2,14,32090,34640,2550,1280,34,13.281,3,5,1,3,3,0,0,0,0,low02.csv
1,low,2,15,33370,35920,2550,1280,34,13.281,3,5,1,3,2,0,0,0,0,low02.csv
1,low,2,16,34650,37200,2550,1280,34,13.281,3,5,1,3,2,0,0,0,0,low02.csv
1,low,2,17,35930,38480,2550,1280,33,12.891,4,6,1,3,3,0,0,0,0,low02.csv
1,low,2,18,37210,39760,2550,1280,33,12.891,2,5,1,3,2,0,0,0,0,low02.csv
1,low,2,19,38490,41040,2550,1280,32,12.5,2,5,1,3,3,0,0,0,0,low02.csv
1,low,2,20,39770,42320,2550,1280,119,46.484,2,5,1,2,2,0,0,0,0,low02.csv
1,low,2,21,41050,43600,2550,1280,32,12.5,3,5,1,3,3,0,0,0,0,low02.csv
1,low,2,22,42330,44880,2550,1280,33,12.891,4,5,1,3,2,0,0,0,0,low02.csv
1,low,2,23,43610,46160,2550,1280,33,12.891,3,5,1,3,3,0,0,0,0,low02.csv
1,low,2,24,44890,47440,2550,1280,33,12.891,4,6,1,4,3,0,0,0,0,low02.csv
1,low,2,25,46170,48720,2550,1280,32,12.5,4,6,1,4,3,0,0,0,0,low02.csv
1,low,2,26,47450,50000,2550,1280,32,12.5,3,6,1,3,3,0,0,0,0,low02.csv
1,low,2,27,48730,51280,2550,1280,31,12.109,3,6,2,3,2,0,0,0,0,low02.csv
1,low,2,28,50010,52560,2550,1280,32,12.5,3,6,1,4,3,0,0,0,0,low02.csv
1,low,2,29,51290,53840,2550,1280,31,12.109,3,5,1,4,3,0,0,0,0,low02.csv
1,low,2,30,52570,55120,2550,1280,33,12.891,2,5,1,3,3,0,0,0,0,low02.csv
1,low,3,1,12550,15100,2550,0,35,13.672,3,8,2,4,5,0,0,0,0,low03.csv
1,low,3,2,13830,16380,2550,1280,38,14.844,2,4,1,2,2,0,0,0,0,low03.csv
1,low,3,3,15110,17660,2550,1280,100,39.063,1,4,1,2,2,0,0,0,0,low03.csv
1,low,3,4,16390,18940,2550,1280,55,21.484,1,4,1,2,2,0,0,0,0,low03.csv
1,low,3,5,17670,20220,2550,1280,94,36.719,1,4,2,2,2,0,0,0,0,low03.csv
1,low,3,6,18950,21500,2550,1280,34,13.281,2,5,1,3,3,0,0,0,0,low03.csv
1,low,3,7,20230,22780,2550,1280,113,44.141,2,5,1,2,2,0,0,0,0,low03.csv
1,low,3,8,21510,24060,2550,1280,31,12.109,2,5,1,3,3,0,0,0,0,low03.csv
1,low,3,9,22790,25340,2550,1280,116,45.313,2,6,2,3,3,0,0,0,0,low03.csv
1,low,3,10,24070,26620,2550,1280,32,12.5,2,5,1,2,3,0,0,0,0,low03.csv
1,low,3,11,25350,27900,2550,1280,31,12.109,2,5,1,3,2,0,0,0,0,low03.csv
1,low,3,12,26630,29180,2550,1280,33,12.891,2,5,2,3,3,0,0,0,0,low03.csv
1,low,3,13,27910,30460,2550,1280,56,21.875,2,5,1,3,3,0,0,0,0,low03.csv
1,low,3,14,29190,31740,2550,1280,31,12.109,3,26,2,5,4,0,0,0,0,low03.csv
1,low,3,15,30470,33020,2550,1280,124,48.438,9,26,8,17,13,0,0,0,0,low03.csv
1,low,3,16,31750,34300,2550,1280,91,35.547,2,6,2,2,4,0,0,0,0,low03.csv
1,low,3,17,33030,35580,2550,1280,100,39.063,2,6,1,2,3,0,0,0,0,low03.csv
1,low,3,18,34310,36860,2550,1280,110,42.969,2,5,1,2,3,0,0,0,0,low03.csv
1,low,3,19,35590,38140,2550,1280,52,20.313,2,5,2,2,3,0,0,0,0,low03.csv
1,low,3,20,36870,39420,2550,1280,101,39.453,2,5,2,2,3,0,0,0,0,low03.csv
1,low,3,21,38150,40700,2550,1280,16,6.25,2,5,2,3,3,0,0,0,0,low03.csv
1,low,3,22,39430,41980,2550,1280,34,13.281,2,5,1,2,2,0,0,0,0,low03.csv
1,low,3,23,40710,43260,2550,1280,33,12.891,2,5,1,3,3,0,0,0,0,low03.csv
1,low,3,24,41990,44540,2550,1280,34,13.281,2,6,2,3,3,0,0,0,0,low03.csv
1,low,3,25,43270,45820,2550,1280,92,35.938,2,6,1,3,3,0,0,0,0,low03.csv
1,low,3,26,44550,47100,2550,1280,35,13.672,3,7,2,3,4,0,0,0,0,low03.csv
1,low,3,27,45830,48380,2550,1280,31,12.109,2,7,2,3,3,0,0,0,0,low03.csv
1,low,3,28,47110,49660,2550,1280,78,30.469,2,5,1,3,3,0,0,0,0,low03.csv
1,low,3,29,48390,50940,2550,1280,91,35.547,2,5,2,2,2,0,0,0,0,low03.csv
1,low,3,30,49670,52220,2550,1280,30,11.719,2,5,1,2,3,0,0,0,0,low03.csv
1,low,4,1,17130,19680,2550,0,99,38.672,1,4,1,1,2,0,0,0,0,low04.csv
1,low,4,2,18410,20960,2550,1280,101,39.453,2,4,1,2,2,0,0,0,0,low04.csv
1,low,4,3,19690,22240,2550,1280,32,12.5,2,4,1,3,2,0,0,0,0,low04.csv
1,low,4,4,20970,23520,2550,1280,97,37.891,2,6,1,3,3,0,0,0,0,low04.csv
1,low,4,5,22250,24800,2550,1280,84,32.813,2,6,1,2,3,0,0,0,0,low04.csv
1,low,4,6,23530,26080,2550,1280,97,37.891,1,5,1,2,2,0,0,0,0,low04.csv
1,low,4,7,24810,27360,2550,1280,32,12.5,3,5,1,3,3,0,0,0,0,low04.csv
1,low,4,8,26090,28640,2550,1280,32,12.5,2,5,1,2,3,0,0,0,0,low04.csv
1,low,4,9,27370,29920,2550,1280,31,12.109,2,5,1,3,2,0,0,0,0,low04.csv
1,low,4,10,28650,31200,2550,1280,40,15.625,1,4,1,2,2,0,0,0,0,low04.csv
1,low,4,11,29930,32480,2550,1280,33,12.891,3,5,1,4,2,0,0,0,0,low04.csv
1,low,4,12,31210,33760,2550,1280,33,12.891,2,5,1,3,2,0,0,0,0,low04.csv
1,low,4,13,32490,35040,2550,1280,32,12.5,2,4,1,2,2,0,0,0,0,low04.csv
1,low,4,14,33770,36320,2550,1280,32,12.5,2,5,1,2,3,0,0,0,0,low04.csv
1,low,4,15,35050,37600,2550,1280,96,37.5,3,5,1,2,3,0,0,0,0,low04.csv
1,low,4,16,36330,38880,2550,1280,106,41.406,2,5,1,2,3,0,0,0,0,low04.csv
1,low,4,17,37610,40160,2550,1280,32,12.5,2,5,1,3,2,0,0,0,0,low04.csv
1,low,4,18,38890,41440,2550,1280,102,39.844,2,5,1,2,2,0,0,0,0,low04.csv
1,low,4,19,40170,42720,2550,1280,94,36.719,1,5,1,1,3,0,0,0,0,low04.csv
1,low,4,20,41450,44000,2550,1280,33,12.891,2,5,1,3,3,0,0,0,0,low04.csv
1,low,4,21,42730,45280,2550,1280,35,13.672,1,4,1,2,2,0,0,0,0,low04.csv
1,low,4,22,44010,46560,2550,1280,83,32.422,1,4,1,2,2,0,0,0,0,low04.csv
1,low,4,23,45290,47840,2550,1280,34,13.281,1,4,1,2,2,0,0,0,0,low04.csv
1,low,4,24,46570,49120,2550,1280,34,13.281,2,5,1,2,3,0,0,0,0,low04.csv
1,low,4,25,47850,50400,2550,1280,32,12.5,2,5,1,2,3,0,0,0,0,low04.csv
1,low,4,26,49130,51680,2550,1280,95,37.109,2,5,1,2,2,0,0,0,0,low04.csv
1,low,4,27,50410,52960,2550,1280,96,37.5,2,6,1,2,3,0,0,0,0,low04.csv
1,low,4,28,51690,54240,2550,1280,99,38.672,3,6,1,2,3,0,0,0,0,low04.csv
1,low,4,29,52970,55520,2550,1280,34,13.281,3,5,1,3,3,0,0,0,0,low04.csv
1,low,4,30,54250,56800,2550,1280,33,12.891,3,5,1,3,2,0,0,0,0,low04.csv
1,low,5,1,13370,15920,2550,0,99,38.672,3,7,1,3,4,0,0,0,0,low05.csv
1,low,5,2,14650,17200,2550,1280,98,38.281,3,8,1,3,3,0,0,0,0,low05.csv
1,low,5,3,15930,18480,2550,1280,96,37.5,3,8,1,3,3,0,0,0,0,low05.csv
1,low,5,4,17210,19760,2550,1280,98,38.281,3,6,2,3,3,0,0,0,0,low05.csv
1,low,5,5,18490,21040,2550,1280,101,39.453,3,5,1,2,3,0,0,0,0,low05.csv
1,low,5,6,19770,22320,2550,1280,94,36.719,1,5,1,2,2,0,0,0,0,low05.csv
1,low,5,7,21050,23600,2550,1280,94,36.719,2,5,1,2,2,0,0,0,0,low05.csv
1,low,5,8,22330,24880,2550,1280,89,34.766,1,4,1,2,2,0,0,0,0,low05.csv
1,low,5,9,23610,26160,2550,1280,29,11.328,1,4,1,2,2,0,0,0,0,low05.csv
1,low,5,10,24890,27440,2550,1280,97,37.891,3,5,1,2,3,0,0,0,0,low05.csv
1,low,5,11,26170,28720,2550,1280,110,42.969,3,6,1,2,2,0,0,0,0,low05.csv
1,low,5,12,27450,30000,2550,1280,98,38.281,2,5,1,2,3,0,0,0,0,low05.csv
1,low,5,13,28730,31280,2550,1280,98,38.281,2,5,1,2,2,0,0,0,0,low05.csv
1,low,5,14,30010,32560,2550,1280,113,44.141,2,5,1,2,3,0,0,0,0,low05.csv
1,low,5,15,31290,33840,2550,1280,127,49.609,1,4,1,2,2,0,0,0,0,low05.csv
1,low,5,16,32570,35120,2550,1280,98,38.281,2,4,1,2,3,0,0,0,0,low05.csv
1,low,5,17,33850,36400,2550,1280,90,35.156,2,5,1,1,2,0,0,0,0,low05.csv
1,low,5,18,35130,37680,2550,1280,62,24.219,2,5,1,2,3,0,0,0,0,low05.csv
1,low,5,19,36410,38960,2550,1280,66,25.781,1,4,1,2,2,0,0,0,0,low05.csv
1,low,5,20,37690,40240,2550,1280,97,37.891,2,5,1,2,2,0,0,0,0,low05.csv
1,low,5,21,38970,41520,2550,1280,77,30.078,2,5,1,2,3,0,0,0,0,low05.csv
1,low,5,22,40250,42800,2550,1280,32,12.5,2,5,1,2,2,0,0,0,0,low05.csv
1,low,5,23,41530,44080,2550,1280,98,38.281,2,5,1,2,3,0,0,0,0,low05.csv
1,low,5,24,42810,45360,2550,1280,111,43.359,2,5,1,1,2,0,0,0,0,low05.csv
1,low,5,25,44090,46640,2550,1280,111,43.359,2,5,1,2,2,0,0,0,0,low05.csv
1,low,5,26,45370,47920,2550,1280,103,40.234,3,6,1,2,3,0,0,0,0,low05.csv
1,low,5,27,46650,49200,2550,1280,106,41.406,2,6,1,2,3,0,0,0,0,low05.csv
1,low,5,28,47930,50480,2550,1280,65,25.391,1,5,1,2,3,0,0,0,0,low05.csv
1,low,5,29,49210,51760,2550,1280,96,37.5,2,4,1,2,2,0,0,0,0,low05.csv
1,low,5,30,50490,53040,2550,1280,127,49.609,2,4,1,2,2,0,0,0,0,low05.csv
1,low,6,1,16810,19350,2540,0,64,25.0,2,5,1,2,2,0,0,0,0,low06.csv
1,low,6,2,18080,20630,2550,1270,126,49.219,2,5,1,2,2,0,0,0,0,low06.csv
1,low,6,3,19360,21910,2550,1280,109,42.578,2,6,1,2,2,0,0,0,0,low06.csv
1,low,6,4,20640,23190,2550,1280,96,37.5,3,7,2,2,4,0,0,0,0,low06.csv
1,low,6,5,21920,24470,2550,1280,108,42.188,3,8,2,2,4,0,0,0,0,low06.csv
1,low,6,6,23200,25750,2550,1280,94,36.719,3,7,1,3,4,0,0,0,0,low06.csv
1,low,6,7,24480,27030,2550,1280,101,39.453,3,6,1,2,3,0,0,0,0,low06.csv
1,low,6,8,25760,28310,2550,1280,64,25.0,3,7,1,3,5,0,0,0,0,low06.csv
1,low,6,9,27040,29590,2550,1280,97,37.891,4,8,1,2,4,0,0,0,0,low06.csv
1,low,6,10,28320,30870,2550,1280,97,37.891,2,6,2,2,3,0,0,0,0,low06.csv
1,low,6,11,29600,32150,2550,1280,101,39.453,3,7,1,2,3,0,0,0,0,low06.csv
1,low,6,12,30880,33430,2550,1280,67,26.172,2,6,1,2,3,0,0,0,0,low06.csv
1,low,6,13,32160,34710,2550,1280,89,34.766,2,5,1,2,2,0,0,0,0,low06.csv
1,low,6,14,33440,35990,2550,1280,102,39.844,1,5,1,2,2,0,0,0,0,low06.csv
1,low,6,15,34720,37270,2550,1280,103,40.234,3,5,1,2,2,0,0,0,0,low06.csv
1,low,6,16,36000,38550,2550,1280,103,40.234,2,6,1,2,2,0,0,0,0,low06.csv
1,low,6,17,37280,39830,2550,1280,90,35.156,3,6,1,2,3,0,0,0,0,low06.csv
1,low,6,18,38560,41110,2550,1280,91,35.547,2,6,1,2,3,0,0,0,0,low06.csv
1,low,6,19,39840,42390,2550,1280,106,41.406,2,6,1,3,3,0,0,0,0,low06.csv
1,low,6,20,41120,43670,2550,1280,101,39.453,2,6,1,2,3,0,0,0,0,low06.csv
1,low,6,21,42400,44950,2550,1280,101,39.453,4,5,1,2,2,0,0,0,0,low06.csv
1,low,6,22,43680,46230,2550,1280,100,39.063,3,5,1,2,3,0,0,0,0,low06.csv
1,low,6,23,44960,47510,2550,1280,90,35.156,2,5,1,2,3,0,0,0,0,low06.csv
1,low,6,24,46240,48790,2550,1280,97,37.891,2,6,1,2,2,0,0,0,0,low06.csv
1,low,6,25,47520,50070,2550,1280,103,40.234,2,6,1,2,3,0,0,0,0,low06.csv
1,low,6,26,48800,51350,2550,1280,126,49.219,2,5,1,3,3,0,0,0,0,low06.csv
1,low,6,27,50080,52630,2550,1280,101,39.453,2,6,1,2,2,0,0,0,0,low06.csv
1,low,6,28,51360,53910,2550,1280,104,40.625,5,10,3,5,6,0,0,0,0,low06.csv
1,low,6,29,52640,55190,2550,1280,104,40.625,2,8,1,2,2,0,0,0,0,low06.csv
1,low,6,30,53920,56470,2550,1280,59,23.047,1,4,1,2,2,0,0,0,0,low06.csv
1,low,7,1,14840,17390,2550,0,32,12.5,3,6,2,3,4,0,0,0,0,low07.csv
1,low,7,2,16120,18670,2550,1280,33,12.891,2,7,2,4,3,0,0,0,0,low07.csv
1,low,7,3,17400,19950,2550,1280,34,13.281,3,6,2,4,3,0,0,0,0,low07.csv
1,low,7,4,18680,21230,2550,1280,94,36.719,3,7,2,4,3,0,0,0,0,low07.csv
1,low,7,5,19960,22510,2550,1280,103,40.234,2,7,2,3,4,0,0,0,0,low07.csv
1,low,7,6,21240,23790,2550,1280,6,2.344,2,6,3,3,3,0,0,0,0,low07.csv
1,low,7,7,22520,25070,2550,1280,101,39.453,2,7,2,2,3,0,0,0,0,low07.csv
1,low,7,8,23800,26350,2550,1280,25,9.766,2,7,2,3,3,0,0,0,0,low07.csv
1,low,7,9,25080,27630,2550,1280,23,8.984,2,7,2,3,3,0,0,0,0,low07.csv
1,low,7,10,26360,28910,2550,1280,97,37.891,2,6,2,3,4,0,0,0,0,low07.csv
1,low,7,11,27640,30190,2550,1280,40,15.625,2,5,1,3,3,0,0,0,0,low07.csv
1,low,7,12,28920,31470,2550,1280,38,14.844,2,6,2,3,3,0,0,0,0,low07.csv
1,low,7,13,30200,32750,2550,1280,71,27.734,2,7,2,2,4,0,0,0,0,low07.csv
1,low,7,14,31480,34030,2550,1280,32,12.5,2,8,2,3,5,0,0,0,0,low07.csv
1,low,7,15,32760,35310,2550,1280,29,11.328,3,8,3,5,4,0,0,0,0,low07.csv
1,low,7,16,34040,36590,2550,1280,71,27.734,2,6,2,3,4,0,0,0,0,low07.csv
1,low,7,17,35320,37870,2550,1280,42,16.406,2,6,2,3,4,0,0,0,0,low07.csv
1,low,7,18,36600,39150,2550,1280,49,19.141,2,6,2,3,3,0,0,0,0,low07.csv
1,low,7,19,37880,40430,2550,1280,114,44.531,2,5,1,2,3,0,0,0,0,low07.csv
1,low,7,20,39160,41710,2550,1280,47,18.359,2,5,2,2,3,0,0,0,0,low07.csv
1,low,7,21,40440,42990,2550,1280,84,32.813,2,5,2,3,3,0,0,0,0,low07.csv
1,low,7,22,41720,44270,2550,1280,33,12.891,2,6,2,3,3,0,0,0,0,low07.csv
1,low,7,23,43000,45550,2550,1280,35,13.672,2,7,2,4,4,0,0,0,0,low07.csv
1,low,7,24,44280,46830,2550,1280,102,39.844,2,7,1,3,4,0,0,0,0,low07.csv
1,low,7,25,45560,48110,2550,1280,112,43.75,2,7,2,3,3,0,0,0,0,low07.csv
1,low,7,26,46840,49390,2550,1280,9,3.516,2,7,3,3,4,0,0,0,0,low07.csv
1,low,7,27,48120,50670,2550,1280,68,26.563,2,6,2,3,4,0,0,0,0,low07.csv
1,low,7,28,49400,51950,2550,1280,96,37.5,2,6,2,3,4,0,0,0,0,low07.csv
1,low,7,29,50680,53230,2550,1280,2,0.781,2,6,3,3,3,0,0,0,0,low07.csv
1,low,7,30,51960,54510,2550,1280,80,31.25,2,6,2,3,3,0,0,0,0,low07.csv
1,low,8,1,13840,16390,2550,0,123,48.047,2,4,1,2,3,0,0,0,0,low08.csv
1,low,8,2,15120,17670,2550,1280,107,41.797,2,6,1,3,3,0,0,0,0,low08.csv
1,low,8,3,16400,18950,2550,1280,26,10.156,2,6,1,3,3,0,0,0,0,low08.csv
1,low,8,4,17680,20230,2550,1280,34,13.281,2,5,1,2,2,0,0,0,0,low08.csv
1,low,8,5,18960,21510,2550,1280,33,12.891,2,4,1,2,2,0,0,0,0,low08.csv
1,low,8,6,20240,22790,2550,1280,123,48.047,2,4,1,2,2,0,0,0,0,low08.csv
1,low,8,7,21520,24070,2550,1280,24,9.375,2,5,1,2,2,0,0,0,0,low08.csv
1,low,8,8,22800,25350,2550,1280,79,30.859,2,5,1,2,2,0,0,0,0,low08.csv
1,low,8,9,24080,26630,2550,1280,34,13.281,1,5,1,2,2,0,0,0,0,low08.csv
1,low,8,10,25360,27910,2550,1280,98,38.281,1,4,1,2,2,0,0,0,0,low08.csv
1,low,8,11,26640,29190,2550,1280,32,12.5,2,5,1,2,2,0,0,0,0,low08.csv
1,low,8,12,27920,30470,2550,1280,33,12.891,1,5,2,2,2,0,0,0,0,low08.csv
1,low,8,13,29200,31750,2550,1280,113,44.141,2,4,1,2,2,0,0,0,0,low08.csv
1,low,8,14,30480,33030,2550,1280,91,35.547,1,5,1,2,2,0,0,0,0,low08.csv
1,low,8,15,31760,34310,2550,1280,68,26.563,2,5,1,2,3,0,0,0,0,low08.csv
1,low,8,16,33040,35590,2550,1280,127,49.609,1,5,1,2,3,0,0,0,0,low08.csv
1,low,8,17,34320,36870,2550,1280,80,31.25,1,4,1,2,2,0,0,0,0,low08.csv
1,low,8,18,35600,38150,2550,1280,102,39.844,2,4,1,2,2,0,0,0,0,low08.csv
1,low,8,19,36880,39430,2550,1280,32,12.5,1,4,1,2,2,0,0,0,0,low08.csv
1,low,8,20,38160,40710,2550,1280,112,43.75,2,4,1,2,2,0,0,0,0,low08.csv
1,low,8,21,39440,41990,2550,1280,116,45.313,2,4,1,2,2,0,0,0,0,low08.csv
1,low,8,22,40720,43270,2550,1280,32,12.5,2,5,1,2,2,0,0,0,0,low08.csv
1,low,8,23,42000,44550,2550,1280,83,32.422,1,4,1,2,2,0,0,0,0,low08.csv
1,low,8,24,43280,45830,2550,1280,116,45.313,1,4,1,2,2,0,0,0,0,low08.csv
1,low,8,25,44560,47110,2550,1280,32,12.5,1,4,1,1,2,0,0,0,0,low08.csv
1,low,8,26,45840,48390,2550,1280,32,12.5,2,4,1,3,2,0,0,0,0,low08.csv
1,low,8,27,47120,49670,2550,1280,32,12.5,2,4,1,2,2,0,0,0,0,low08.csv
1,low,8,28,48400,50950,2550,1280,88,34.375,2,5,1,2,2,0,0,0,0,low08.csv
1,low,8,29,49680,52230,2550,1280,32,12.5,2,5,1,2,2,0,0,0,0,low08.csv
1,low,8,30,50960,53510,2550,1280,109,42.578,2,5,1,1,2,0,0,0,0,low08.csv
1,low,9,1,13680,16230,2550,0,89,34.766,1,2,1,1,1,0,0,0,0,low09.csv
1,low,9,2,14960,17510,2550,1280,89,34.766,2,10,2,2,4,0,0,0,0,low09.csv
1,low,9,3,16240,18790,2550,1280,97,37.891,5,12,2,3,6,0,0,0,0,low09.csv
1,low,9,4,17520,20070,2550,1280,105,41.016,6,10,2,3,4,0,0,0,0,low09.csv
1,low,9,5,18800,21350,2550,1280,91,35.547,4,9,1,3,4,0,0,0,0,low09.csv
1,low,9,6,20080,22630,2550,1280,96,37.5,4,8,2,3,4,0,0,0,0,low09.csv
1,low,9,7,21360,23910,2550,1280,94,36.719,3,7,1,3,3,0,0,0,0,low09.csv
1,low,9,8,22640,25190,2550,1280,88,34.375,3,7,1,3,4,0,0,0,0,low09.csv
1,low,9,9,23920,26470,2550,1280,83,32.422,3,8,1,3,4,0,0,0,0,low09.csv
1,low,9,10,25200,27750,2550,1280,101,39.453,3,9,2,3,4,0,0,0,0,low09.csv
1,low,9,11,26480,29030,2550,1280,89,34.766,4,9,2,3,4,0,0,0,0,low09.csv
1,low,9,12,27760,30310,2550,1280,86,33.594,3,8,1,3,5,0,0,0,0,low09.csv
1,low,9,13,29040,31590,2550,1280,101,39.453,4,9,2,3,5,0,0,0,0,low09.csv
1,low,9,14,30320,32870,2550,1280,96,37.5,3,8,1,3,3,0,0,0,0,low09.csv
1,low,9,15,31600,34150,2550,1280,40,15.625,2,7,1,3,4,0,0,0,0,low09.csv
1,low,9,16,32880,35430,2550,1280,91,35.547,4,8,1,3,4,0,0,0,0,low09.csv
1,low,9,17,34160,36710,2550,1280,101,39.453,4,7,1,3,3,0,0,0,0,low09.csv
1,low,9,18,35440,37990,2550,1280,115,44.922,2,6,1,2,3,0,0,0,0,low09.csv
1,low,9,19,36720,39270,2550,1280,116,45.313,2,6,1,3,2,0,0,0,0,low09.csv
1,low,9,20,38000,40550,2550,1280,97,37.891,3,6,1,2,4,0,0,0,0,low09.csv
1,low,9,21,39280,41830,2550,1280,37,14.453,2,6,1,3,3,0,0,0,0,low09.csv
1,low,9,22,40560,43110,2550,1280,100,39.063,3,6,1,3,3,0,0,0,0,low09.csv
1,low,9,23,41840,44390,2550,1280,88,34.375,3,7,1,3,3,0,0,0,0,low09.csv
1,low,9,24,43120,45670,2550,1280,109,42.578,2,6,1,3,3,0,0,0,0,low09.csv
1,low,9,25,44400,46950,2550,1280,94,36.719,2,6,1,2,3,0,0,0,0,low09.csv
1,low,9,26,45680,48230,2550,1280,95,37.109,3,7,2,2,3,0,0,0,0,low09.csv
1,low,9,27,46960,49510,2550,1280,34,13.281,3,8,1,3,3,0,0,0,0,low09.csv
1,low,9,28,48240,50790,2550,1280,94,36.719,3,7,1,2,3,0,0,0,0,low09.csv
1,low,9,29,49520,52070,2550,1280,82,32.031,3,6,1,2,3,0,0,0,0,low09.csv
1,low,9,30,50800,53350,2550,1280,101,39.453,3,6,1,2,3,0,0,0,0,low09.csv
1,low,10,1,15880,18430,2550,0,97,37.891,2,7,2,2,3,0,0,0,0,low10.csv
1,low,10,2,17160,19710,2550,1280,97,37.891,2,6,1,3,3,0,0,0,0,low10.csv
1,low,10,3,18440,20990,2550,1280,105,41.016,3,6,2,3,2,0,0,0,0,low10.csv
1,low,10,4,19720,22270,2550,1280,84,32.813,3,7,2,2,3,0,0,0,0,low10.csv
1,low,10,5,21000,23550,2550,1280,71,27.734,2,7,2,3,4,0,0,0,0,low10.csv
1,low,10,6,22280,24830,2550,1280,98,38.281,2,7,1,3,3,0,0,0,0,low10.csv
1,low,10,7,23560,26110,2550,1280,78,30.469,3,6,2,2,3,0,0,0,0,low10.csv
1,low,10,8,24840,27390,2550,1280,87,33.984,2,6,1,3,3,0,0,0,0,low10.csv
1,low,10,9,26120,28670,2550,1280,90,35.156,3,6,1,3,3,0,0,0,0,low10.csv
1,low,10,10,27400,29950,2550,1280,73,28.516,2,6,2,3,4,0,0,0,0,low10.csv
1,low,10,11,28680,31230,2550,1280,110,42.969,2,6,1,2,3,0,0,0,0,low10.csv
1,low,10,12,29960,32510,2550,1280,99,38.672,2,4,2,2,2,0,0,0,0,low10.csv
1,low,10,13,31240,33790,2550,1280,87,33.984,2,5,1,2,2,0,0,0,0,low10.csv
1,low,10,14,32520,35070,2550,1280,93,36.328,3,7,1,3,3,0,0,0,0,low10.csv
1,low,10,15,33800,36350,2550,1280,103,40.234,3,6,1,2,3,0,0,0,0,low10.csv
1,low,10,16,35080,37630,2550,1280,116,45.313,2,6,1,2,4,0,0,0,0,low10.csv
1,low,10,17,36360,38910,2550,1280,93,36.328,2,6,2,2,3,0,0,0,0,low10.csv
1,low,10,18,37640,40190,2550,1280,62,24.219,2,6,2,1,3,0,0,0,0,low10.csv
1,low,10,19,38920,41470,2550,1280,99,38.672,2,6,2,2,3,0,0,0,0,low10.csv
1,low,10,20,40200,42750,2550,1280,97,37.891,2,7,2,2,3,0,0,0,0,low10.csv
1,low,10,21,41480,44030,2550,1280,105,41.016,2,6,2,3,3,0,0,0,0,low10.csv
1,low,10,22,42760,45310,2550,1280,100,39.063,3,6,2,2,3,0,0,0,0,low10.csv
1,low,10,23,44040,46590,2550,1280,101,39.453,3,6,1,3,3,0,0,0,0,low10.csv
1,low,10,24,45320,47870,2550,1280,97,37.891,2,6,2,2,3,0,0,0,0,low10.csv
1,low,10,25,46600,49150,2550,1280,105,41.016,2,5,1,2,3,0,0,0,0,low10.csv
1,low,10,26,47880,50430,2550,1280,113,44.141,2,5,1,2,3,0,0,0,0,low10.csv
1,low,10,27,49160,51710,2550,1280,108,42.188,2,6,1,2,3,0,0,0,0,low10.csv
1,low,10,28,50440,52990,2550,1280,100,39.063,2,6,1,2,3,0,0,0,0,low10.csv
1,low,10,29,51720,54270,2550,1280,101,39.453,2,6,1,2,3,0,0,0,0,low10.csv
1,low,10,30,53000,55550,2550,1280,100,39.063,2,7,2,2,3,0,0,0,0,low10.csv
2,high,1,1,16080,18630,2550,0,26,10.156,2,7,1,4,5,0,0,0,0,high01.csv
2,high,1,2,17360,19910,2550,1280,29,11.328,3,6,1,4,3,0,0,0,0,high01.csv
2,high,1,3,18640,21190,2550,1280,29,11.328,2,6,1,3,4,0,0,0,0,high01.csv
2,high,1,4,19920,22470,2550,1280,31,12.109,4,8,1,5,4,0,0,0,0,high01.csv
2,high,1,5,21200,23750,2550,1280,31,12.109,12,13,2,12,5,0,0,0,0,high01.csv
2,high,1,6,22480,25030,2550,1280,30,11.719,9,14,2,11,6,0,0,0,0,high01.csv
2,high,1,7,23760,26310,2550,1280,34,13.281,6,12,2,9,7,0,0,0,0,high01.csv
2,high,1,8,25040,27590,2550,1280,29,11.328,6,13,3,8,8,0,0,0,0,high01.csv
2,high,1,9,26320,28870,2550,1280,27,10.547,6,12,3,8,6,0,0,0,0,high01.csv
2,high,1,10,27600,30150,2550,1280,27,10.547,5,10,1,7,5,0,0,0,0,high01.csv
2,high,1,11,28880,31430,2550,1280,31,12.109,7,10,2,8,5,0,0,0,0,high01.csv
2,high,1,12,30160,32710,2550,1280,32,12.5,4,10,3,6,5,0,0,0,0,high01.csv
2,high,1,13,31440,33990,2550,1280,33,12.891,5,9,2,6,4,0,0,0,0,high01.csv
2,high,1,14,32720,35270,2550,1280,27,10.547,5,8,2,6,4,0,0,0,0,high01.csv
2,high,1,15,34000,36550,2550,1280,27,10.547,3,9,2,5,4,0,0,0,0,high01.csv
2,high,1,16,35280,37830,2550,1280,33,12.891,4,8,2,5,4,0,0,0,0,high01.csv
2,high,1,17,36560,39110,2550,1280,26,10.156,3,8,2,4,5,0,0,0,0,high01.csv
2,high,1,18,37840,40390,2550,1280,31,12.109,4,9,2,5,6,0,0,0,0,high01.csv
2,high,1,19,39120,41670,2550,1280,27,10.547,4,8,2,5,5,0,0,0,0,high01.csv
2,high,1,20,40400,42950,2550,1280,27,10.547,4,8,2,5,4,0,0,0,0,high01.csv
2,high,1,21,41680,44230,2550,1280,27,10.547,4,8,2,5,4,0,0,0,0,high01.csv
2,high,1,22,42960,45510,2550,1280,31,12.109,3,8,2,4,4,0,0,0,0,high01.csv
2,high,1,23,44240,46790,2550,1280,31,12.109,4,8,1,5,5,0,0,0,0,high01.csv
2,high,1,24,45520,48070,2550,1280,28,10.938,4,8,2,5,5,0,0,0,0,high01.csv
2,high,1,25,46800,49350,2550,1280,28,10.938,4,8,1,4,4,0,0,0,0,high01.csv
2,high,1,26,48080,50630,2550,1280,28,10.938,5,8,2,6,4,0,0,0,0,high01.csv
2,high,1,27,49360,51910,2550,1280,34,13.281,4,8,1,5,5,0,0,0,0,high01.csv
2,high,1,28,50640,53190,2550,1280,29,11.328,5,8,2,5,4,0,0,0,0,high01.csv
2,high,1,29,51920,54470,2550,1280,29,11.328,7,9,2,7,4,0,0,0,0,high01.csv
2,high,1,30,53200,55750,2550,1280,34,13.281,6,9,1,7,4,0,0,0,0,high01.csv
2,high,2,1,16330,18880,2550,0,33,12.891,5,7,2,5,3,0,0,0,0,high02.csv
2,high,2,2,17610,20160,2550,1280,32,12.5,5,8,1,5,4,0,0,0,0,high02.csv
2,high,2,3,18890,21440,2550,1280,33,12.891,4,8,1,4,4,0,0,0,0,high02.csv
2,high,2,4,20170,22720,2550,1280,33,12.891,6,8,1,6,4,0,0,0,0,high02.csv
2,high,2,5,21450,24000,2550,1280,32,12.5,6,8,1,6,4,0,0,0,0,high02.csv
2,high,2,6,22730,25280,2550,1280,31,12.109,4,8,2,4,5,0,0,0,0,high02.csv
2,high,2,7,24010,26560,2550,1280,30,11.719,4,7,1,5,3,0,0,0,0,high02.csv
2,high,2,8,25290,27840,2550,1280,31,12.109,4,8,1,4,4,0,0,0,0,high02.csv
2,high,2,9,26570,29120,2550,1280,31,12.109,3,7,2,4,4,0,0,0,0,high02.csv
2,high,2,10,27850,30400,2550,1280,82,32.031,2,6,2,3,3,0,0,0,0,high02.csv
2,high,2,11,29130,31680,2550,1280,102,39.844,3,7,2,2,3,0,0,0,0,high02.csv
2,high,2,12,30410,32960,2550,1280,33,12.891,3,9,2,4,4,0,0,0,0,high02.csv
2,high,2,13,31690,34240,2550,1280,33,12.891,6,10,1,6,6,0,0,0,0,high02.csv
2,high,2,14,32970,35520,2550,1280,41,16.016,4,10,2,5,7,0,0,0,0,high02.csv
2,high,2,15,34250,36800,2550,1280,47,18.359,4,10,2,5,6,0,0,0,0,high02.csv
2,high,2,16,35530,38080,2550,1280,30,11.719,7,12,2,7,7,0,0,0,0,high02.csv
2,high,2,17,36810,39360,2550,1280,29,11.328,7,15,2,8,7,0,0,0,0,high02.csv
2,high,2,18,38090,40640,2550,1280,31,12.109,13,17,2,14,9,0,0,0,0,high02.csv
2,high,2,19,39370,41920,2550,1280,32,12.5,12,16,2,13,8,0,0,0,0,high02.csv
2,high,2,20,40650,43200,2550,1280,32,12.5,10,13,2,11,7,0,0,0,0,high02.csv
2,high,2,21,41930,44480,2550,1280,32,12.5,4,12,2,6,6,0,0,0,0,high02.csv
2,high,2,22,43210,45760,2550,1280,100,39.063,4,10,3,4,6,0,0,0,0,high02.csv
2,high,2,23,44490,47040,2550,1280,100,39.063,4,10,2,4,5,0,0,0,0,high02.csv
2,high,2,24,45770,48320,2550,1280,100,39.063,4,10,1,5,5,0,0,0,0,high02.csv
2,high,2,25,47050,49600,2550,1280,28,10.938,5,11,2,6,5,0,0,0,0,high02.csv
2,high,2,26,48330,50880,2550,1280,44,17.188,5,11,2,6,7,0,0,0,0,high02.csv
2,high,2,27,49610,52160,2550,1280,44,17.188,5,10,2,4,6,0,0,0,0,high02.csv
2,high,2,28,50890,53440,2550,1280,28,10.938,4,9,2,5,5,0,0,0,0,high02.csv
2,high,2,29,52170,54720,2550,1280,44,17.188,4,9,2,5,5,0,0,0,0,high02.csv
2,high,2,30,53450,56000,2550,1280,27,10.547,4,10,2,6,6,0,0,0,0,high02.csv
2,high,3,1,13580,16130,2550,0,38,14.844,5,21,2,6,6,0,0,0,0,high03.csv
2,high,3,2,14860,17410,2550,1280,89,34.766,9,22,3,9,14,0,0,0,0,high03.csv
2,high,3,3,16140,18690,2550,1280,32,12.5,6,12,2,7,5,0,0,0,0,high03.csv
2,high,3,4,17420,19970,2550,1280,33,12.891,5,11,2,6,5,0,0,0,0,high03.csv
2,high,3,5,18700,21250,2550,1280,94,36.719,4,10,1,5,4,0,0,0,0,high03.csv
2,high,3,6,19980,22530,2550,1280,32,12.5,3,8,2,5,3,0,0,0,0,high03.csv
2,high,3,7,21260,23810,2550,1280,32,12.5,4,8,2,5,3,0,0,0,0,high03.csv
2,high,3,8,22540,25090,2550,1280,31,12.109,6,10,2,7,4,0,0,0,0,high03.csv
2,high,3,9,23820,26370,2550,1280,105,41.016,6,12,3,7,8,0,0,0,0,high03.csv
2,high,3,10,25100,27650,2550,1280,35,13.672,5,12,2,6,5,0,0,0,0,high03.csv
2,high,3,11,26380,28930,2550,1280,29,11.328,5,10,4,5,5,0,0,0,0,high03.csv
2,high,3,12,27660,30210,2550,1280,28,10.938,5,11,2,5,5,0,0,0,0,high03.csv
2,high,3,13,28940,31490,2550,1280,27,10.547,3,11,3,5,6,0,0,0,0,high03.csv
2,high,3,14,30220,32770,2550,1280,33,12.891,11,13,2,11,7,0,0,0,0,high03.csv
2,high,3,15,31500,34050,2550,1280,31,12.109,7,13,3,8,6,0,0,0,0,high03.csv
2,high,3,16,32780,35330,2550,1280,33,12.891,5,10,2,5,4,0,0,0,0,high03.csv
2,high,3,17,34060,36610,2550,1280,33,12.891,5,8,1,5,2,0,0,0,0,high03.csv
2,high,3,18,35340,37890,2550,1280,33,12.891,7,8,1,8,3,0,0,0,0,high03.csv
2,high,3,19,36620,39170,2550,1280,29,11.328,4,8,1,5,4,0,0,0,0,high03.csv
2,high,3,20,37900,40450,2550,1280,34,13.281,11,11,2,10,6,0,0,0,0,high03.csv
2,high,3,21,39180,41730,2550,1280,34,13.281,8,11,2,7,4,0,0,0,0,high03.csv
2,high,3,22,40460,43010,2550,1280,33,12.891,10,11,1,9,3,0,0,0,0,high03.csv
2,high,3,23,41740,44290,2550,1280,36,14.063,13,14,3,11,7,0,0,0,0,high03.csv
2,high,3,24,43020,45570,2550,1280,36,14.063,8,16,4,9,6,0,0,0,0,high03.csv
2,high,3,25,44300,46850,2550,1280,34,13.281,19,17,3,16,7,0,0,0,0,high03.csv
2,high,3,26,45580,48130,2550,1280,32,12.5,10,14,2,10,5,0,0,0,0,high03.csv
2,high,3,27,46860,49410,2550,1280,32,12.5,8,10,2,8,4,0,0,0,0,high03.csv
2,high,3,28,48140,50690,2550,1280,31,12.109,7,8,2,7,4,0,0,0,0,high03.csv
2,high,3,29,49420,51970,2550,1280,31,12.109,3,8,1,4,4,0,0,0,0,high03.csv
2,high,3,30,50700,53250,2550,1280,31,12.109,7,8,2,6,4,0,0,0,0,high03.csv
2,high,4,1,25950,28500,2550,0,92,35.938,29,80,11,30,41,0,0,0,0,high04.csv
2,high,4,2,27230,29780,2550,1280,90,35.156,49,92,17,36,59,0,0,0,0,high04.csv
2,high,4,3,28510,31060,2550,1280,90,35.156,25,92,8,21,32,0,0,0,0,high04.csv
2,high,4,4,29790,32340,2550,1280,102,39.844,33,93,14,33,51,0,0,0,0,high04.csv
2,high,4,5,31070,33620,2550,1280,96,37.5,43,105,13,32,65,0,0,0,0,high04.csv
2,high,4,6,32350,34900,2550,1280,86,33.594,27,89,12,27,40,0,0,0,0,high04.csv
2,high,4,7,33630,36180,2550,1280,91,35.547,32,89,10,32,56,0,0,0,0,high04.csv
2,high,4,8,34910,37460,2550,1280,91,35.547,31,89,15,34,42,0,0,0,0,high04.csv
2,high,4,9,36190,38740,2550,1280,84,32.813,27,69,9,25,30,0,0,0,0,high04.csv
2,high,4,10,37470,40020,2550,1280,71,27.734,21,62,7,22,29,0,0,0,0,high04.csv
2,high,4,11,38750,41300,2550,1280,71,27.734,25,68,9,26,39,0,0,0,0,high04.csv
2,high,4,12,40030,42580,2550,1280,112,43.75,19,73,7,16,22,0,0,0,0,high04.csv
2,high,4,13,41310,43860,2550,1280,89,34.766,37,84,8,24,45,0,0,0,0,high04.csv
2,high,4,14,42590,45140,2550,1280,118,46.094,27,85,9,22,41,0,0,0,0,high04.csv
2,high,4,15,43870,46420,2550,1280,99,38.672,26,76,11,23,37,0,0,0,0,high04.csv
2,high,4,16,45150,47700,2550,1280,92,35.938,28,75,12,28,39,0,0,0,0,high04.csv
2,high,4,17,46430,48980,2550,1280,95,37.109,35,70,10,23,37,0,0,0,0,high04.csv
2,high,4,18,47710,50260,2550,1280,98,38.281,27,65,7,22,31,0,0,0,0,high04.csv
2,high,4,19,48990,51540,2550,1280,99,38.672,27,76,10,20,41,0,0,0,0,high04.csv
2,high,4,20,50270,52820,2550,1280,100,39.063,25,72,8,22,31,0,0,0,0,high04.csv
2,high,4,21,51550,54100,2550,1280,86,33.594,23,61,7,16,28,0,0,0,0,high04.csv
2,high,4,22,52830,55380,2550,1280,91,35.547,27,63,11,24,40,0,0,0,0,high04.csv
2,high,4,23,54110,56660,2550,1280,98,38.281,23,70,8,22,32,0,0,0,0,high04.csv
2,high,4,24,55390,57940,2550,1280,93,36.328,22,68,8,19,26,0,0,0,0,high04.csv
2,high,4,25,56670,59220,2550,1280,94,36.719,26,53,10,25,30,0,0,0,0,high04.csv
2,high,4,26,57950,60500,2550,1280,100,39.063,14,42,6,12,15,0,0,0,0,high04.csv
2,high,4,27,59230,61780,2550,1280,116,45.313,18,41,4,11,18,0,0,0,0,high04.csv
2,high,4,28,60510,63060,2550,1280,94,36.719,17,53,5,13,21,0,0,0,0,high04.csv
2,high,4,29,61790,64340,2550,1280,94,36.719,30,64,6,22,31,0,0,0,0,high04.csv
2,high,4,30,63070,65620,2550,1280,116,45.313,30,60,9,21,30,0,0,0,0,high04.csv
2,high,5,1,15790,18340,2550,0,93,36.328,55,111,20,34,51,0,0,0,0,high05.csv
2,high,5,2,17070,19620,2550,1280,97,37.891,45,110,15,25,47,0,0,0,0,high05.csv
2,high,5,3,18350,20900,2550,1280,91,35.547,39,107,18,26,38,0,0,0,0,high05.csv
2,high,5,4,19630,22180,2550,1280,101,39.453,37,105,11,30,41,0,0,0,0,high05.csv
2,high,5,5,20910,23460,2550,1280,96,37.5,70,113,15,34,44,0,0,0,0,high05.csv
2,high,5,6,22190,24740,2550,1280,101,39.453,37,117,11,29,33,0,0,0,0,high05.csv
2,high,5,7,23470,26020,2550,1280,95,37.109,59,104,7,29,52,0,0,0,0,high05.csv
2,high,5,8,24750,27300,2550,1280,89,34.766,39,93,10,24,39,0,0,0,0,high05.csv
2,high,5,9,26030,28580,2550,1280,105,41.016,40,87,13,24,38,0,0,0,0,high05.csv
2,high,5,10,27310,29860,2550,1280,93,36.328,37,92,14,22,31,0,0,0,0,high05.csv
2,high,5,11,28590,31140,2550,1280,102,39.844,38,90,13,22,34,0,0,0,0,high05.csv
2,high,5,12,29870,32420,2550,1280,94,36.719,35,83,17,31,40,0,0,0,0,high05.csv
2,high,5,13,31150,33700,2550,1280,93,36.328,35,102,15,29,41,0,0,0,0,high05.csv
2,high,5,14,32430,34980,2550,1280,99,38.672,57,113,20,38,53,0,0,0,0,high05.csv
2,high,5,15,33710,36260,2550,1280,97,37.891,35,120,13,26,34,0,0,0,0,high05.csv
2,high,5,16,34990,37540,2550,1280,89,34.766,56,118,20,40,76,0,0,0,0,high05.csv
2,high,5,17,36270,38820,2550,1280,94,36.719,44,110,11,29,54,0,0,0,0,high05.csv
2,high,5,18,37550,40100,2550,1280,91,35.547,56,104,12,23,50,0,0,0,0,high05.csv
2,high,5,19,38830,41380,2550,1280,112,43.75,36,101,15,28,50,0,0,0,0,high05.csv
2,high,5,20,40110,42660,2550,1280,93,36.328,46,106,13,22,50,0,0,0,0,high05.csv
2,high,5,21,41390,43940,2550,1280,97,37.891,64,101,12,20,45,0,0,0,0,high05.csv
2,high,5,22,42670,45220,2550,1280,93,36.328,37,89,8,16,29,0,0,0,0,high05.csv
2,high,5,23,43950,46500,2550,1280,98,38.281,42,83,5,16,37,0,0,0,0,high05.csv
2,high,5,24,45230,47780,2550,1280,94,36.719,36,70,7,15,29,0,0,0,0,high05.csv
2,high,5,25,46510,49060,2550,1280,95,37.109,35,83,8,18,37,0,0,0,0,high05.csv
2,high,5,26,47790,50340,2550,1280,90,35.156,42,89,12,19,44,0,0,0,0,high05.csv
2,high,5,27,49070,51620,2550,1280,98,38.281,48,96,6,14,41,0,0,0,0,high05.csv
2,high,5,28,50350,52900,2550,1280,97,37.891,42,96,12,19,36,0,0,0,0,high05.csv
2,high,5,29,51630,54180,2550,1280,93,36.328,41,72,7,15,41,0,0,0,0,high05.csv
2,high,5,30,52910,55460,2550,1280,98,38.281,33,72,8,15,30,0,0,0,0,high05.csv
2,high,6,1,15820,18370,2550,0,93,36.328,19,60,13,26,29,0,0,0,0,high06.csv
2,high,6,2,17100,19650,2550,1280,102,39.844,18,51,10,18,28,0,0,0,0,high06.csv
2,high,6,3,18380,20930,2550,1280,113,44.141,18,46,10,19,29,0,0,0,0,high06.csv
2,high,6,4,19660,22210,2550,1280,29,11.328,12,40,7,15,16,0,0,0,0,high06.csv
2,high,6,5,20940,23490,2550,1280,29,11.328,14,33,7,16,17,0,0,0,0,high06.csv
2,high,6,6,22220,24770,2550,1280,29,11.328,13,34,6,15,20,0,0,0,0,high06.csv
2,high,6,7,23500,26050,2550,1280,116,45.313,13,36,5,14,17,0,0,0,0,high06.csv
2,high,6,8,24780,27330,2550,1280,94,36.719,10,35,4,12,15,0,0,0,0,high06.csv
2,high,6,9,26060,28610,2550,1280,94,36.719,15,38,7,16,19,0,0,0,0,high06.csv
2,high,6,10,27340,29890,2550,1280,29,11.328,13,34,9,20,15,0,0,0,0,high06.csv
2,high,6,11,28620,31170,2550,1280,91,35.547,15,35,7,14,17,0,0,0,0,high06.csv
2,high,6,12,29900,32450,2550,1280,92,35.938,12,32,8,15,15,0,0,0,0,high06.csv
2,high,6,13,31180,33730,2550,1280,95,37.109,9,30,4,13,14,0,0,0,0,high06.csv
2,high,6,14,32460,35010,2550,1280,88,34.375,15,35,7,14,15,0,0,0,0,high06.csv
2,high,6,15,33740,36290,2550,1280,123,48.047,14,37,8,18,18,0,0,0,0,high06.csv
2,high,6,16,35020,37570,2550,1280,111,43.359,9,37,6,12,15,0,0,0,0,high06.csv
2,high,6,17,36300,38850,2550,1280,86,33.594,13,34,7,13,21,0,0,0,0,high06.csv
2,high,6,18,37580,40130,2550,1280,80,31.25,16,35,8,15,21,0,0,0,0,high06.csv
2,high,6,19,38860,41410,2550,1280,92,35.938,12,42,6,13,17,0,0,0,0,high06.csv
2,high,6,20,40140,42690,2550,1280,84,32.813,17,39,10,16,24,0,0,0,0,high06.csv
2,high,6,21,41420,43970,2550,1280,99,38.672,13,39,8,14,16,0,0,0,0,high06.csv
2,high,6,22,42700,45250,2550,1280,87,33.984,13,42,6,15,18,0,0,0,0,high06.csv
2,high,6,23,43980,46530,2550,1280,92,35.938,16,35,10,16,23,0,0,0,0,high06.csv
2,high,6,24,45260,47810,2550,1280,113,44.141,11,35,6,15,15,0,0,0,0,high06.csv
2,high,6,25,46540,49090,2550,1280,79,30.859,11,33,7,17,21,0,0,0,0,high06.csv
2,high,6,26,47820,50370,2550,1280,34,13.281,12,31,8,15,20,0,0,0,0,high06.csv
2,high,6,27,49100,51650,2550,1280,82,32.031,8,30,5,11,12,0,0,0,0,high06.csv
2,high,6,28,50380,52930,2550,1280,97,37.891,8,30,4,8,11,0,0,0,0,high06.csv
2,high,6,29,51660,54210,2550,1280,35,13.672,11,27,7,14,18,0,0,0,0,high06.csv
2,high,6,30,52940,55490,2550,1280,111,43.359,8,24,4,10,13,0,0,0,0,high06.csv
2,high,7,1,20730,23280,2550,0,104,40.625,36,119,48,59,42,0,0,0,0,high07.csv
2,high,7,2,22010,24560,2550,1280,17,6.641,39,131,45,57,41,0,0,0,0,high07.csv
2,high,7,3,23290,25840,2550,1280,97,37.891,47,128,59,71,51,0,0,0,0,high07.csv
2,high,7,4,24570,27120,2550,1280,95,37.109,31,102,39,43,31,0,0,0,0,high07.csv
2,high,7,5,25850,28400,2550,1280,94,36.719,40,103,33,39,29,0,0,0,0,high07.csv
2,high,7,6,27130,29680,2550,1280,94,36.719,48,110,37,51,41,0,0,0,0,high07.csv
2,high,7,7,28410,30960,2550,1280,117,45.703,26,90,20,28,32,0,0,0,0,high07.csv
2,high,7,8,29690,32240,2550,1280,88,34.375,27,82,12,18,24,0,0,0,0,high07.csv
2,high,7,9,30970,33520,2550,1280,91,35.547,38,85,36,48,39,0,0,0,0,high07.csv
2,high,7,10,32250,34800,2550,1280,120,46.875,25,93,30,38,32,0,0,0,0,high07.csv
2,high,7,11,33530,36080,2550,1280,92,35.938,32,95,33,43,28,0,0,0,0,high07.csv
2,high,7,12,34810,37360,2550,1280,4,1.563,20,62,22,29,22,0,0,0,0,high07.csv
2,high,7,13,36090,38640,2550,1280,93,36.328,23,66,16,28,31,0,0,0,0,high07.csv
2,high,7,14,37370,39920,2550,1280,92,35.938,18,68,21,27,24,0,0,0,0,high07.csv
2,high,7,15,38650,41200,2550,1280,13,5.078,16,60,15,27,26,0,0,0,0,high07.csv
2,high,7,16,39930,42480,2550,1280,17,6.641,24,71,19,33,29,0,0,0,0,high07.csv
2,high,7,17,41210,43760,2550,1280,124,48.438,30,85,24,36,32,0,0,0,0,high07.csv
2,high,7,18,42490,45040,2550,1280,115,44.922,30,87,34,48,32,0,0,0,0,high07.csv
2,high,7,19,43770,46320,2550,1280,113,44.141,20,72,17,28,21,0,0,0,0,high07.csv
2,high,7,20,45050,47600,2550,1280,91,35.547,14,55,16,20,18,0,0,0,0,high07.csv
2,high,7,21,46330,48880,2550,1280,92,35.938,18,51,11,15,20,0,0,0,0,high07.csv
2,high,7,22,47610,50160,2550,1280,76,29.688,23,60,15,23,30,0,0,0,0,high07.csv
2,high,7,23,48890,51440,2550,1280,100,39.063,21,63,18,28,20,0,0,0,0,high07.csv
2,high,7,24,50170,52720,2550,1280,20,7.813,15,67,20,28,22,0,0,0,0,high07.csv
2,high,7,25,51450,54000,2550,1280,95,37.109,31,69,32,40,31,0,0,0,0,high07.csv
2,high,7,26,52730,55280,2550,1280,111,43.359,23,62,20,27,22,0,0,0,0,high07.csv
2,high,7,27,54010,56560,2550,1280,96,37.5,19,65,19,26,21,0,0,0,0,high07.csv
2,high,7,28,55290,57840,2550,1280,114,44.531,22,67,26,29,21,0,0,0,0,high07.csv
2,high,7,29,56570,59120,2550,1280,123,48.047,26,64,24,39,26,0,0,0,0,high07.csv
2,high,7,30,57850,60400,2550,1280,117,45.703,17,64,15,19,21,0,0,0,0,high07.csv
2,high,8,1,18680,21230,2550,0,91,35.547,29,90,10,19,46,0,0,0,0,high08.csv
2,high,8,2,19960,22510,2550,1280,59,23.047,28,66,11,22,46,0,0,0,0,high08.csv
2,high,8,3,21240,23790,2550,1280,82,32.031,35,89,12,28,67,0,0,0,0,high08.csv
2,high,8,4,22520,25070,2550,1280,68,26.563,51,123,19,40,88,0,0,0,0,high08.csv
2,high,8,5,23800,26350,2550,1280,124,48.438,45,141,14,30,73,0,0,0,0,high08.csv
2,high,8,6,25080,27630,2550,1280,82,32.031,65,160,25,43,97,0,0,0,0,high08.csv
2,high,8,7,26360,28910,2550,1280,72,28.125,50,150,18,31,87,0,0,0,0,high08.csv
2,high,8,8,27640,30190,2550,1280,87,33.984,45,107,15,24,62,0,0,0,0,high08.csv
2,high,8,9,28920,31470,2550,1280,70,27.344,41,114,20,37,75,0,0,0,0,high08.csv
2,high,8,10,30200,32750,2550,1280,66,25.781,42,106,7,22,65,0,0,0,0,high08.csv
2,high,8,11,31480,34030,2550,1280,84,32.813,31,77,7,13,53,0,0,0,0,high08.csv
2,high,8,12,32760,35310,2550,1280,91,35.547,35,99,11,18,47,0,0,0,0,high08.csv
2,high,8,13,34040,36590,2550,1280,77,30.078,37,104,8,22,60,0,0,0,0,high08.csv
2,high,8,14,35320,37870,2550,1280,77,30.078,49,102,10,23,59,0,0,0,0,high08.csv
2,high,8,15,36600,39150,2550,1280,67,26.172,33,94,6,19,57,0,0,0,0,high08.csv
2,high,8,16,37880,40430,2550,1280,79,30.859,48,105,11,29,68,0,0,0,0,high08.csv
2,high,8,17,39160,41710,2550,1280,69,26.953,22,107,12,23,48,0,0,0,0,high08.csv
2,high,8,18,40440,42990,2550,1280,93,36.328,42,96,25,30,63,0,0,0,0,high08.csv
2,high,8,19,41720,44270,2550,1280,118,46.094,32,115,17,35,61,0,0,0,0,high08.csv
2,high,8,20,43000,45550,2550,1280,74,28.906,33,105,12,32,59,0,0,0,0,high08.csv
2,high,8,21,44280,46830,2550,1280,121,47.266,39,94,11,25,63,0,0,0,0,high08.csv
2,high,8,22,45560,48110,2550,1280,66,25.781,29,99,13,20,47,0,0,0,0,high08.csv
2,high,8,23,46840,49390,2550,1280,89,34.766,28,89,21,28,51,0,0,0,0,high08.csv
2,high,8,24,48120,50670,2550,1280,120,46.875,30,81,8,20,45,0,0,0,0,high08.csv
2,high,8,25,49400,51950,2550,1280,92,35.938,34,79,14,28,56,0,0,0,0,high08.csv
2,high,8,26,50680,53230,2550,1280,118,46.094,26,92,12,29,56,0,0,0,0,high08.csv
2,high,8,27,51960,54510,2550,1280,83,32.422,35,95,18,24,49,0,0,0,0,high08.csv
2,high,8,28,53240,55790,2550,1280,95,37.109,24,92,11,17,38,0,0,0,0,high08.csv
2,high,8,29,54520,57070,2550,1280,57,22.266,38,82,15,33,64,0,0,0,0,high08.csv
2,high,8,30,55800,58350,2550,1280,68,26.563,31,72,5,18,45,0,0,0,0,high08.csv
2,high,9,1,18090,20640,2550,0,34,13.281,8,11,3,8,4,0,0,0,0,high09.csv
2,high,9,2,19370,21920,2550,1280,34,13.281,4,10,2,4,4,0,0,0,0,high09.csv
2,high,9,3,20650,23200,2550,1280,33,12.891,4,9,2,5,4,0,0,0,0,high09.csv
2,high,9,4,21930,24480,2550,1280,112,43.75,4,10,2,4,5,0,0,0,0,high09.csv
2,high,9,5,23210,25760,2550,1280,33,12.891,4,10,2,6,4,0,0,0,0,high09.csv
2,high,9,6,24490,27040,2550,1280,34,13.281,6,9,2,5,4,0,0,0,0,high09.csv
2,high,9,7,25770,28320,2550,1280,34,13.281,6,8,1,6,4,0,0,0,0,high09.csv
2,high,9,8,27050,29600,2550,1280,34,13.281,4,6,1,5,3,0,0,0,0,high09.csv
2,high,9,9,28330,30880,2550,1280,34,13.281,3,6,1,3,3,0,0,0,0,high09.csv
2,high,9,10,29610,32160,2550,1280,33,12.891,2,6,1,3,3,0,0,0,0,high09.csv
2,high,9,11,30890,33440,2550,1280,57,22.266,4,11,2,6,8,0,0,0,0,high09.csv
2,high,9,12,32170,34720,2550,1280,34,13.281,6,13,3,6,6,0,0,0,0,high09.csv
2,high,9,13,33450,36000,2550,1280,33,12.891,8,12,2,7,4,0,0,0,0,high09.csv
2,high,9,14,34730,37280,2550,1280,34,13.281,10,16,3,9,8,0,0,0,0,high09.csv
2,high,9,15,36010,38560,2550,1280,32,12.5,14,17,2,14,6,0,0,0,0,high09.csv
2,high,9,16,37290,39840,2550,1280,31,12.109,8,14,2,8,6,0,0,0,0,high09.csv
2,high,9,17,38570,41120,2550,1280,31,12.109,11,14,2,11,5,0,0,0,0,high09.csv
2,high,9,18,39850,42400,2550,1280,32,12.5,9,14,3,8,5,0,0,0,0,high09.csv
2,high,9,19,41130,43680,2550,1280,31,12.109,6,12,2,8,5,0,0,0,0,high09.csv
2,high,9,20,42410,44960,2550,1280,32,12.5,9,13,1,8,5,0,0,0,0,high09.csv
2,high,9,21,43690,46240,2550,1280,33,12.891,9,13,2,10,5,0,0,0,0,high09.csv
2,high,9,22,44970,47520,2550,1280,33,12.891,9,12,1,9,4,0,0,0,0,high09.csv
2,high,9,23,46250,48800,2550,1280,32,12.5,7,11,2,7,4,0,0,0,0,high09.csv
2,high,9,24,47530,50080,2550,1280,31,12.109,8,12,2,8,4,0,0,0,0,high09.csv
2,high,9,25,48810,51360,2550,1280,33,12.891,8,12,2,8,4,0,0,0,0,high09.csv
2,high,9,26,50090,52640,2550,1280,35,13.672,7,10,2,7,4,0,0,0,0,high09.csv
2,high,9,27,51370,53920,2550,1280,34,13.281,4,11,2,6,3,0,0,0,0,high09.csv
2,high,9,28,52650,55200,2550,1280,34,13.281,11,11,2,10,4,0,0,0,0,high09.csv
2,high,9,29,53930,56480,2550,1280,33,12.891,8,12,2,6,5,0,0,0,0,high09.csv
2,high,9,30,55210,57760,2550,1280,32,12.5,11,11,2,10,4,0,0,0,0,high09.csv
2,high,10,1,21590,24140,2550,0,123,48.047,21,62,7,15,24,0,0,0,0,high10.csv
2,high,10,2,22870,25420,2550,1280,115,44.922,16,64,8,14,24,0,0,0,0,high10.csv
2,high,10,3,24150,26700,2550,1280,118,46.094,25,60,11,23,32,0,0,0,0,high10.csv
2,high,10,4,25430,27980,2550,1280,103,40.234,16,46,6,14,22,0,0,0,0,high10.csv
2,high,10,5,26710,29260,2550,1280,94,36.719,19,50,10,16,25,0,0,0,0,high10.csv
2,high,10,6,27990,30540,2550,1280,107,41.797,14,39,4,11,16,0,0,0,0,high10.csv
2,high,10,7,29270,31820,2550,1280,99,38.672,16,43,9,11,15,0,0,0,0,high10.csv
2,high,10,8,30550,33100,2550,1280,112,43.75,17,48,8,17,25,0,0,0,0,high10.csv
2,high,10,9,31830,34380,2550,1280,123,48.047,16,45,6,11,18,0,0,0,0,high10.csv
2,high,10,10,33110,35660,2550,1280,94,36.719,15,42,8,14,22,0,0,0,0,high10.csv
2,high,10,11,34390,36940,2550,1280,111,43.359,11,34,7,10,13,0,0,0,0,high10.csv
2,high,10,12,35670,38220,2550,1280,113,44.141,16,37,7,12,17,0,0,0,0,high10.csv
2,high,10,13,36950,39500,2550,1280,113,44.141,11,36,5,10,13,0,0,0,0,high10.csv
2,high,10,14,38230,40780,2550,1280,117,45.703,12,29,6,11,10,0,0,0,0,high10.csv
2,high,10,15,39510,42060,2550,1280,118,46.094,9,26,2,10,10,0,0,0,0,high10.csv
2,high,10,16,40790,43340,2550,1280,99,38.672,13,32,4,10,14,0,0,0,0,high10.csv
2,high,10,17,42070,44620,2550,1280,89,34.766,12,41,5,11,17,0,0,0,0,high10.csv
2,high,10,18,43350,45900,2550,1280,117,45.703,20,51,5,11,18,0,0,0,0,high10.csv
2,high,10,19,44630,47180,2550,1280,115,44.922,18,52,5,11,23,0,0,0,0,high10.csv
2,high,10,20,45910,48460,2550,1280,103,40.234,28,55,4,12,22,0,0,0,0,high10.csv
2,high,10,21,47190,49740,2550,1280,93,36.328,18,53,8,13,22,0,0,0,0,high10.csv
2,high,10,22,48470,51020,2550,1280,99,38.672,17,49,10,16,23,0,0,0,0,high10.csv
2,high,10,23,49750,52300,2550,1280,98,38.281,30,52,18,23,37,0,0,0,0,high10.csv
2,high,10,24,51030,53580,2550,1280,96,37.5,23,70,8,13,23,0,0,0,0,high10.csv
2,high,10,25,52310,54860,2550,1280,99,38.672,29,74,9,21,28,0,0,0,0,high10.csv
2,high,10,26,53590,56140,2550,1280,95,37.109,40,84,14,27,41,0,0,0,0,high10.csv
2,high,10,27,54870,57420,2550,1280,62,24.219,33,100,19,34,56,0,0,0,0,high10.csv
2,high,10,28,56150,58700,2550,1280,78,30.469,30,84,20,36,60,0,0,0,0,high10.csv
2,high,10,29,57430,59980,2550,1280,91,35.547,21,78,15,20,30,0,0,0,0,high10.csv
2,high,10,30,58710,61260,2550,1280,83,32.422,28,78,14,30,51,0,0,0,0,high10.csv
